CustomerID,Latitude,Longitude
224322,35.536503,-78.282818
217560,36.080467,-76.588256
205133,36.448004,-77.656567
305620,36.507632,-77.964565
224323,36.805689,-77.463309
312834,35.559242,-78.379769
282180,35.937115,-77.79337
303403,36.102024,-76.345399
214295,36.033739,-76.526897
312835,35.658541,-77.931052
107681,35.690349,-77.909309
107682,35.903159,-77.826865
107683,35.9513,-77.802251
107684,35.818731,-78.273923
107685,35.690269,-77.91191
107686,35.826947,-78.305051
107687,35.694963,-77.890494
107688,35.98642,-77.792142
107689,35.664419,-77.965421
107690,35.684337,-77.906598
107691,35.946801,-77.800231
107692,35.760192,-77.959182
107693,35.730415,-77.900693
107694,35.926644,-77.785928
107695,36.007115,-77.789055
107696,35.986487,-77.791871
107697,35.954318,-77.792207
107698,35.97029,-77.786107
107699,35.938366,-77.795843
107700,35.76942,-77.939354
107701,36.09238,-77.728078
107702,35.80287,-77.639859
107703,35.974283,-77.783116
107704,35.926061,-77.56299
107705,35.941789,-77.829649
107706,36.284541,-76.986154
107707,35.861791,-76.737105
107708,36.489348,-77.44095
107709,35.910933,-77.581912
107710,35.699365,-77.916934
107711,35.756969,-77.957083
107712,35.894656,-77.538586
107713,36.438812,-77.626923
107714,36.434913,-77.622657
107715,35.682044,-77.908659
107716,36.06066,-76.599705
107717,36.438009,-77.623889
107718,36.017217,-77.770544
107719,35.969939,-77.84769
107720,35.798831,-77.863226
107721,35.94888,-78.117019
107722,35.97025,-77.946904
107723,35.970165,-77.947942
107724,35.7402,-77.877673
107725,35.513109,-78.312096
107726,36.170674,-77.680325
107727,35.880809,-76.664837
107728,36.188466,-77.654383
107729,35.70771,-77.922588
107730,36.034283,-77.761344
107731,36.01154,-76.564607
107732,36.499119,-77.961973
107733,35.840402,-77.084176
107734,36.526837,-76.782111
107735,35.923307,-77.830951
107736,35.756045,-77.870068
107737,35.974792,-77.78961
107738,35.841775,-77.061967
107739,35.755943,-77.870217
107740,35.970645,-77.803946
107741,35.946214,-77.791575
107742,36.012776,-77.857008
107743,35.848471,-77.057345
107744,35.93268,-77.745834
107745,35.8397,-77.089438
107746,35.838825,-76.766801
107747,35.651238,-77.359744
107748,36.499664,-77.963205
107749,35.705577,-77.922538
107750,35.717277,-77.943949
107751,35.76505,-77.961404
107752,35.725151,-77.911948
107753,36.451997,-77.647657
107754,36.28556,-76.994889
107755,36.438851,-77.154501
107756,36.143599,-77.21443
107757,35.976018,-77.853773
107758,35.700702,-77.894618
107759,36.27792,-76.982182
107760,36.462832,-77.687512
107761,35.932416,-77.80122
107762,35.916823,-77.53308
107763,35.969467,-77.780538
107764,35.978159,-76.947874
107765,35.968243,-78.006692
107766,35.573276,-78.152668
107767,35.700768,-77.894534
107768,35.71965,-77.911888
107769,35.679109,-77.971236
107770,35.704695,-77.914093
107771,36.079495,-76.58713
107772,35.73601,-77.882455
107773,35.72466,-77.920671
107774,35.703583,-77.911651
107775,36.514884,-77.190578
107776,36.171474,-77.679412
107777,35.927239,-76.351712
107778,36.44028,-77.649532
107779,36.269143,-77.001777
107780,35.953857,-77.792288
107781,35.910063,-77.549909
107782,35.721952,-77.910255
107783,35.847848,-77.050399
107784,36.450184,-77.646094
107785,35.902485,-77.826983
107786,35.970533,-77.804315
107787,36.002236,-77.781998
107788,36.477522,-77.6461
107789,35.928515,-77.785773
107790,35.975488,-77.784386
107791,36.443734,-77.667481
107792,35.704283,-77.906804
107793,35.70621,-77.908585
107794,36.081599,-76.58993
107795,36.444123,-77.108252
107796,35.577648,-78.149433
107797,36.517934,-77.191388
107798,36.514884,-77.190578
107799,36.499737,-77.423292
107800,35.712477,-77.934565
107801,36.428423,-77.223103
107802,35.909591,-77.810829
107803,36.014463,-77.771349
107804,36.02582,-77.764631
107805,36.52055,-77.200771
107806,35.937885,-77.804046
107807,35.969272,-77.885356
107808,35.99178,-77.780099
107809,36.038104,-77.905598
107810,35.928769,-77.808846
107811,35.748006,-77.86224
107812,35.970893,-77.884144
107813,35.712789,-77.952425
107814,35.894965,-77.532509
107815,35.705185,-77.950522
107816,35.969467,-77.780538
107817,36.126683,-76.960796
107818,35.94333,-77.793718
107819,35.894652,-77.554187
107820,35.896052,-77.535514
107821,35.854666,-77.05451
107822,35.72636,-77.91213
107823,36.284625,-77.277841
107824,35.78995,-78.119621
107825,36.000816,-77.765793
107826,36.017325,-76.561433
107827,36.11602,-77.426217
107828,35.698427,-77.88916
107829,35.753617,-77.880304
107830,35.750595,-77.995513
107831,36.460432,-77.674137
107832,35.705276,-77.919157
107833,35.997269,-76.717391
107834,35.958595,-77.822149
107835,35.87254,-77.557199
107836,35.949849,-77.818273
107837,35.848468,-77.057496
107838,35.873784,-77.087593
107839,35.9853,-77.790261
107840,35.934999,-77.797305
107841,35.976399,-77.784152
107842,35.842522,-77.082395
107843,35.858879,-77.041249
107844,36.058127,-76.609072
107845,36.073925,-76.599823
107846,36.180247,-77.664819
107847,35.903778,-77.827088
107848,35.848703,-77.057276
107849,35.905602,-77.825539
107850,35.897372,-77.541563
107851,35.915316,-77.831366
107852,36.078093,-76.618222
107853,36.224382,-77.116522
107854,35.926626,-77.803073
107855,35.670742,-77.951323
107856,35.906303,-77.828056
107857,35.697572,-77.947586
107858,35.695182,-77.899453
107859,35.700288,-77.916824
107860,36.082498,-76.591542
107861,36.179851,-76.865368
107862,35.897263,-77.54206
107863,36.079366,-76.584356
107864,35.701494,-77.890164
107865,35.721952,-77.910255
107866,35.840384,-77.083625
107867,35.947248,-77.829005
107868,36.47395,-77.615566
107869,35.905683,-78.045635
107870,35.770465,-78.06037
107871,35.698411,-77.947812
107872,35.947248,-77.829005
107873,35.965718,-77.782079
107874,35.723303,-78.06488
107875,35.728513,-77.914213
107876,35.917192,-77.831536
107877,35.597439,-78.119112
107878,35.970911,-77.999855
107879,36.118275,-76.959407
107880,35.730907,-77.91581
107881,35.970311,-77.950108
107882,35.853267,-77.83787
107883,35.951294,-77.793886
107884,35.840913,-77.10901
107885,36.363543,-76.897604
107886,35.971155,-77.953977
107887,35.889034,-77.819458
107888,35.946958,-77.798632
107889,35.737999,-77.883688
107890,36.018225,-76.955234
107891,35.759287,-77.955356
107892,36.283922,-76.984979
107893,35.896971,-77.535869
107894,35.903685,-77.813194
107895,35.681703,-77.907297
107896,35.694114,-77.943981
107897,35.98375,-77.787634
107898,35.703598,-77.912913
107899,36.434826,-77.647742
107900,36.455783,-77.657378
107901,35.689074,-77.934654
107902,35.977642,-77.788283
107903,35.845102,-77.909695
107904,36.01154,-76.564607
107905,35.703352,-77.92762
107906,35.760605,-77.95246
107907,36.056809,-76.60941
107908,35.921594,-77.776797
107909,35.554522,-78.383358
107910,35.908576,-77.52939
107911,35.917281,-76.276598
107912,36.306065,-76.804459
107913,35.780726,-78.119815
107914,36.690967,-77.556925
107915,35.848635,-77.057337
107916,35.693943,-77.944332
107917,35.873258,-77.086211
107918,36.451131,-77.574834
107919,35.974403,-77.882983
107920,35.683055,-77.886016
107921,36.42872,-77.632016
107922,35.979872,-77.808167
107923,35.734093,-77.952093
107924,35.588265,-77.973196
107925,36.438013,-77.617428
107926,35.932279,-77.805428
107927,36.585872,-77.202438
107928,36.696827,-77.524243
107929,36.545397,-77.526097
107930,36.447326,-77.667561
107931,35.812327,-77.647722
117892,35.971667,-77.882575
107932,36.712328,-77.519155
107933,36.086696,-76.629852
107934,35.977867,-77.739468
107935,36.493822,-77.444297
107936,36.443319,-77.675857
107937,35.738805,-77.986151
107938,36.129612,-77.418755
107939,36.178838,-76.483421
107940,35.879855,-77.524716
107941,35.845342,-77.056509
107942,35.96124,-78.05635
107943,35.99714,-76.948996
107944,35.849808,-76.767029
107945,35.917038,-77.74725
107946,36.13586,-76.656908
107947,36.20272,-76.45872
107948,36.181863,-77.668562
107949,36.306855,-77.036327
107950,35.960865,-77.882378
107951,35.870562,-77.828218
107952,35.732482,-77.996185
107953,35.572155,-78.158328
107954,35.851141,-77.840743
107955,36.394184,-76.947951
107956,35.964164,-77.818873
107957,36.00843,-77.775975
107958,35.772957,-77.939666
107959,35.826947,-78.305051
107960,35.911636,-77.589104
107961,36.699454,-77.536601
107962,36.077454,-76.588963
107963,36.056012,-77.819945
107964,35.8863,-77.5876
107965,36.173399,-77.677219
107966,36.173399,-77.677219
107967,35.934146,-77.799264
107968,35.683466,-78.272882
107969,35.98642,-77.792142
107970,35.693137,-77.920748
107971,35.760022,-77.999898
107972,35.735123,-77.872849
107973,35.898262,-77.907917
107974,35.970539,-77.920825
107975,35.703768,-78.047477
107976,35.862759,-76.729515
107977,35.821995,-78.280338
107978,36.064946,-76.607264
107979,35.518201,-78.342154
107980,36.437656,-77.645963
107981,35.735637,-77.885774
107982,36.270718,-76.968143
107983,36.066845,-76.600152
107984,35.459076,-78.386414
107985,35.972407,-77.970514
107986,35.956749,-77.883651
107987,35.720941,-77.911774
107988,36.069497,-77.811191
107989,35.926865,-77.567153
107990,35.830801,-78.305775
107991,35.758556,-76.181099
107992,35.968242,-77.918835
107993,35.517799,-78.313204
107994,35.731646,-77.876849
107995,35.720016,-77.976974
107996,35.725741,-77.902775
107997,36.015237,-77.027833
107998,35.532464,-78.277536
107999,35.735202,-77.952286
108000,35.911636,-77.589104
108001,35.979493,-77.783414
108002,35.928183,-76.620443
108003,35.915271,-77.829851
108004,35.898364,-77.815541
108005,35.765147,-77.947514
108006,36.005116,-77.785084
117893,35.971667,-77.882575
108007,35.949186,-77.792075
108008,36.703715,-77.552478
108009,35.700019,-77.933508
108010,35.755027,-77.927689
108011,36.253753,-76.956035
108012,35.926094,-77.768875
108013,35.919778,-77.683086
108014,36.053181,-78.169017
108015,36.351099,-76.822699
108016,36.498598,-77.633092
108017,36.324762,-77.215919
108018,36.451756,-77.646104
108019,36.285894,-76.997561
108020,36.273591,-76.972907
108021,36.829148,-77.524366
108022,35.927233,-77.803485
108023,36.293402,-77.006494
108024,35.91773,-77.531768
108025,35.715981,-77.952326
108026,36.363819,-77.66857
108027,36.126819,-77.419291
108028,35.970854,-77.985068
108029,35.882453,-77.546297
108030,35.721912,-77.920534
108031,36.194634,-76.954356
108032,35.705365,-77.907962
108033,36.461495,-77.661611
108034,36.817814,-77.478119
108035,35.683055,-77.886016
108036,35.801827,-77.637651
108037,35.983864,-77.78239
108038,35.977594,-77.977051
108039,35.917473,-77.669675
108040,35.731785,-78.034341
108041,35.694292,-77.943919
108042,36.714016,-77.518066
108043,35.915398,-77.582005
108044,36.359174,-77.661199
108045,35.553214,-78.308326
108046,35.73205,-77.998724
108047,35.855695,-76.750575
108048,35.602016,-78.296923
108049,35.990169,-77.836314
108050,35.990169,-77.836314
108051,35.990169,-77.836314
108052,35.723198,-77.935526
108053,35.935486,-77.200273
108054,36.454203,-77.652735
108055,35.990169,-77.836314
108056,35.854826,-77.836379
108057,35.990169,-77.836314
108058,35.990169,-77.836314
108059,35.990169,-77.836314
108060,35.990169,-77.836314
108061,35.990169,-77.836314
108062,35.990169,-77.836314
108063,35.834748,-77.066336
108064,36.272235,-76.970849
108065,36.706307,-77.544386
108066,35.990169,-77.836314
108067,36.004021,-77.77473
108068,35.990169,-77.836314
108069,35.911043,-77.804508
108070,35.741126,-77.889236
108071,35.990169,-77.836314
108072,35.9602,-77.8809
108073,35.705557,-77.923396
108074,35.990169,-77.836314
108075,35.990169,-77.836314
108076,35.990169,-77.836314
108077,35.990169,-77.836314
108078,35.539469,-78.297117
108079,35.990169,-77.836314
108080,35.863613,-76.757596
108081,35.821602,-77.249288
108082,35.513085,-78.311994
108083,36.469252,-77.600331
108084,36.057312,-77.749453
108085,35.84078,-77.07258
108086,35.990169,-77.836314
117894,35.971667,-77.882575
108087,35.990169,-77.836314
108088,36.306939,-77.036781
108089,35.768921,-77.939653
108090,35.990169,-77.836314
108091,35.740999,-77.882409
108092,35.716588,-77.954648
108093,36.663319,-77.553308
108094,35.990169,-77.836314
108095,36.077372,-76.589544
108096,35.990169,-77.836314
108097,36.463569,-77.654825
108098,35.540233,-78.390765
108099,35.582055,-78.142188
108100,35.884654,-77.552554
108101,35.921625,-77.557072
108102,35.911636,-77.589104
108103,35.990169,-77.836314
108104,36.007814,-77.775942
108105,36.012751,-78.042235
108106,35.920294,-76.238834
108107,35.973248,-77.847549
108108,35.732771,-78.114049
108109,35.905536,-77.792787
108110,36.038273,-77.906478
108111,36.063089,-76.591332
108112,35.990169,-77.836314
108113,35.990169,-77.836314
108114,35.736048,-77.883612
108115,36.061046,-77.9291
108116,35.831689,-78.303291
108117,35.881504,-76.413297
108118,35.735975,-77.987941
108119,35.885561,-76.365227
108120,35.803912,-77.864817
108121,36.44272,-77.652742
108122,35.887762,-77.554168
108123,36.431072,-77.61934
108124,36.499312,-77.644955
108125,35.990169,-77.836314
108126,35.964594,-77.916128
108127,36.065906,-77.746651
108128,35.776391,-78.057695
108129,35.990169,-77.836314
108130,35.548488,-78.393601
108131,35.933086,-78.117929
108132,35.658543,-77.931093
117895,35.971667,-77.882575
108133,35.9412,-77.795536
108134,36.055553,-77.823473
108135,36.693596,-77.530366
108136,35.844051,-76.757797
108137,35.962478,-77.783495
108138,35.961347,-77.783999
108139,35.969939,-77.84769
108140,35.691529,-77.888707
108141,35.863401,-76.726792
108142,36.27884,-76.98327
108143,36.614828,-77.873077
108144,35.882311,-77.552778
108145,35.695125,-77.94239
108146,36.201637,-76.716848
108147,36.200004,-76.705353
108148,35.527706,-78.364318
108149,35.525774,-78.362492
108150,35.730772,-77.950531
108151,35.912006,-77.54823
108152,36.064674,-77.747917
108153,36.017217,-77.770544
108154,36.432678,-77.634525
108155,35.944447,-77.205831
108156,35.531842,-78.285955
108157,36.311257,-76.626352
108158,35.971667,-77.882575
108159,35.841312,-78.347124
108160,36.680119,-77.47909
108161,35.972508,-77.887724
108162,35.682945,-77.951296
108163,35.838985,-77.108594
108164,35.856491,-77.8356
108165,35.970531,-77.804437
108166,36.441843,-77.117472
108167,35.438899,-78.438546
108168,35.502764,-78.307063
108169,35.698532,-77.917029
108170,36.35097,-76.822632
108171,35.803541,-76.776651
108172,36.437604,-77.134475
108173,35.989153,-77.782374
108174,35.943565,-77.819737
108175,36.60738,-77.581867
108176,36.444135,-77.106476
108177,35.740635,-77.960276
108178,35.975819,-78.261189
108179,36.007231,-77.789072
108180,35.809019,-77.84999
108181,35.692089,-77.918225
108182,35.719559,-77.91813
108183,36.797769,-77.483194
108184,35.717315,-77.917887
108185,35.986482,-77.845776
108186,36.022441,-76.573946
108187,35.978382,-76.9487
108188,36.212841,-76.43156
108189,35.928415,-77.802883
108190,35.784737,-78.203977
108191,35.480654,-78.37117
108192,35.942508,-78.112529
108193,36.218545,-76.469147
108194,35.975151,-77.780479
108195,35.991156,-77.778111
108196,35.801386,-77.371058
108197,35.736939,-77.999821
108198,35.953543,-77.820602
108199,35.836956,-77.18877
108200,35.386342,-78.372505
108201,35.8397,-77.089438
108202,35.581287,-78.531219
108203,36.022375,-76.572933
108204,36.016538,-76.564618
108205,35.911301,-77.809994
108206,35.757618,-77.95781
108207,35.938134,-77.791479
108208,36.402636,-76.765867
108209,36.445029,-77.654797
108210,35.972066,-77.956177
108211,35.978308,-77.975424
108212,36.340279,-77.307707
108213,35.979473,-77.851511
108214,35.704923,-78.032453
108215,36.698176,-77.537056
108216,36.177703,-76.356267
108217,36.197652,-76.490458
108218,36.003229,-77.774957
108219,36.005398,-77.77434
108220,36.685728,-77.542888
108221,36.442443,-76.573525
108222,35.70138,-77.925303
108223,35.504434,-78.342886
108224,35.535351,-78.282555
108225,36.123742,-77.417339
108226,35.721022,-77.890434
108227,35.956989,-77.87278
108228,35.839037,-78.225121
108229,35.740112,-77.874619
108230,35.957301,-77.871934
108231,35.692823,-77.938883
108232,36.066552,-77.74894
108233,35.990169,-77.836314
108234,35.828928,-77.931397
108235,36.202109,-76.780089
108236,36.272283,-77.276625
108237,35.738288,-77.888242
108238,35.573516,-78.155601
108239,36.171474,-77.679412
108240,35.880556,-76.411529
108241,35.827251,-78.303716
108242,35.711775,-77.898693
108243,35.628057,-78.041389
108244,35.853202,-77.056188
108245,35.898918,-77.815198
108246,35.984314,-77.855787
108247,35.851714,-77.05567
108248,36.173361,-76.457735
108249,35.500599,-78.307336
108250,36.452257,-77.659018
108251,36.111774,-77.435197
108252,35.985436,-77.782028
108253,35.581287,-78.531219
108254,35.987425,-77.78155
108255,35.839474,-77.100225
108256,35.923321,-77.73959
108257,35.827836,-77.857454
108258,35.927239,-76.351712
108259,36.077637,-76.61763
108260,35.538126,-78.309316
108261,35.500842,-78.322225
108262,35.526752,-78.295993
108263,35.5129,-78.2454
108264,35.765105,-77.946969
108265,36.059223,-77.739459
108266,36.070121,-76.606064
108267,35.521669,-78.359195
108268,35.969374,-77.971641
108269,35.820902,-78.313615
108270,35.547899,-78.395967
108271,36.125483,-77.411981
108272,36.017097,-77.861604
108273,36.060107,-76.622855
108274,35.886975,-77.820276
108275,36.394782,-76.928715
108276,36.059476,-77.811083
108277,35.909762,-77.567838
108278,35.444429,-78.105939
108279,36.467945,-77.706973
108280,35.53326,-78.364919
108281,36.175986,-77.909265
108282,35.911163,-77.804459
108283,35.960218,-77.825197
108284,36.019113,-77.769987
108285,35.548488,-78.393601
108286,35.990169,-77.836314
117896,35.971667,-77.882575
108287,35.825362,-78.312248
108288,36.054206,-77.824427
108289,35.553006,-78.382629
108290,36.444147,-77.104857
108291,35.787513,-78.192273
108292,36.122084,-77.73903
108293,36.27883,-77.280561
108294,35.824902,-77.170337
108295,35.790664,-78.120554
108296,35.909503,-78.0668
108297,36.433953,-77.611179
117897,35.971667,-77.882575
108298,35.914588,-77.829165
108299,36.437608,-77.644184
108300,35.95704,-78.248444
108301,36.499953,-77.96386
108302,35.928532,-77.719257
108303,35.968106,-78.260084
108304,35.925258,-77.739258
108305,35.851441,-77.461911
108306,35.986431,-77.791645
108307,35.990169,-77.836314
108308,35.941916,-77.797385
108309,36.056039,-77.822386
108310,35.964594,-77.916128
108311,35.548897,-78.302682
108312,35.502735,-78.344559
108313,35.974445,-77.78478
108314,35.969405,-77.885569
108315,35.650713,-78.003797
108316,35.93573,-77.808157
108317,35.607907,-78.099428
108318,35.75563,-77.919027
108319,35.709349,-77.926847
108320,35.513089,-78.245729
108321,35.698438,-77.918745
108322,35.911436,-77.586679
108323,35.943286,-78.110237
108324,35.722594,-77.921287
108325,35.990169,-77.836314
108326,35.990169,-77.836314
108327,35.990169,-77.836314
108328,35.990169,-77.836314
108329,35.990169,-77.836314
108330,35.990169,-77.836314
108331,35.990169,-77.836314
108332,35.990169,-77.836314
108333,35.990169,-77.836314
108334,35.990169,-77.836314
108335,35.990169,-77.836314
108336,35.731004,-77.998456
108337,35.738002,-77.954554
108338,35.818731,-78.273923
108339,35.980012,-77.852719
108340,35.514498,-78.329375
108341,35.658541,-77.931052
108342,35.664419,-77.965421
108343,35.893089,-78.088883
108344,36.455783,-77.657378
108345,35.942674,-77.794216
108346,35.97102,-77.811079
108347,36.391779,-76.740876
108348,35.755027,-77.927689
108349,35.990169,-77.836314
108350,35.532554,-78.360459
108351,35.970081,-77.810286
108352,35.701809,-77.93023
108353,35.719421,-77.893256
108354,35.754866,-77.91847
108355,35.930463,-77.774438
108356,35.931882,-77.774532
108357,35.406682,-78.429951
108358,35.987054,-76.946834
108359,35.987054,-76.946834
108360,35.700516,-77.923394
108361,35.69021,-77.914178
108362,35.719528,-77.934805
108363,36.389754,-77.421796
108364,35.910723,-77.994829
108365,35.997848,-77.777192
108366,35.758498,-77.954947
108367,35.836133,-76.766346
108368,36.279906,-77.597145
108369,35.968835,-77.967172
108370,35.945906,-78.121351
108371,36.149963,-77.406861
108372,36.331338,-77.212936
108373,35.939615,-77.805743
108374,35.517137,-78.298517
108375,36.164824,-76.702179
108376,36.455287,-77.659006
108377,35.963044,-77.783174
108378,35.48412,-78.36365
108379,35.988792,-76.934513
108380,35.584253,-78.364207
108381,35.511426,-78.258717
108382,35.783524,-78.176868
108383,35.990169,-77.836314
108384,36.703677,-77.542092
108385,35.882444,-77.546545
108386,36.119308,-77.186532
108387,36.402151,-77.598798
108388,35.910063,-77.549909
108389,35.897866,-77.540475
108390,35.489331,-78.352299
108391,35.976288,-77.799396
108392,35.923667,-76.359827
108393,36.44782,-77.663196
108394,36.442093,-77.651775
108395,36.493188,-77.952204
108396,35.732907,-77.88071
108397,36.705621,-77.533328
108398,35.821047,-78.314917
108399,35.8397,-77.089438
108400,35.926865,-77.567153
108401,35.909159,-77.542676
108402,35.755,-77.9264
108403,35.961354,-77.784118
108404,35.705577,-77.922538
108405,35.887589,-77.54981
108406,36.279782,-77.019982
108407,35.725444,-77.912793
108408,35.698056,-77.906333
108409,36.250099,-77.090933
108410,35.731579,-77.875861
108411,36.430682,-77.62055
108412,35.971606,-77.811408
108413,35.971444,-77.807891
108414,35.522345,-78.359184
108415,36.306659,-77.030458
108416,35.988072,-76.949429
108417,36.30619,-77.091353
108418,35.532322,-78.369611
108419,35.807377,-77.378435
108420,35.940334,-77.792044
108421,36.523953,-77.927598
108422,36.351099,-76.822699
108423,35.905652,-77.812361
108424,35.699551,-77.884738
108425,35.513745,-78.534047
108426,35.971172,-77.811169
108427,35.73237,-77.357913
108428,35.698532,-77.917029
108429,35.756899,-77.958736
108430,35.826219,-78.308344
108431,36.056018,-77.820439
108432,35.515839,-78.355426
108433,36.045628,-77.911665
108434,35.627885,-78.067667
108435,35.768887,-77.960923
108436,35.594315,-78.12243
108437,35.553612,-78.316825
108438,36.331452,-77.212603
108439,35.893594,-76.35179
108440,35.728157,-77.903043
108441,35.970643,-77.92062
108442,36.18049,-76.86542
108443,35.804362,-77.412162
108444,35.724922,-77.9126
108445,36.443352,-77.653864
117898,35.971667,-77.882575
108446,36.437048,-77.904834
108447,35.987979,-77.938178
108448,36.173361,-76.457735
108449,35.94486,-77.829493
108450,35.977594,-77.977051
108451,35.768696,-77.962001
108452,36.47499,-77.854109
108453,35.971822,-77.955277
108454,36.238937,-76.325588
108455,36.096888,-76.541616
108456,36.198246,-76.451498
108457,35.713739,-77.93228
108458,35.49066,-78.359144
108459,35.990169,-77.836314
108460,35.990169,-77.836314
108461,35.916823,-77.53308
108462,35.502764,-78.307063
108463,35.951121,-77.793431
108464,35.951016,-77.79262
108465,35.998022,-76.946189
108466,35.970652,-77.81086
108467,35.72648,-77.902362
108468,36.740014,-77.51032
108469,35.825891,-77.856087
108470,36.0709,-76.603676
108471,35.705641,-77.90807
108472,35.89137,-77.822738
108473,36.741851,-77.505055
108474,35.943327,-77.829572
108475,35.703309,-77.892627
108476,35.805795,-78.099456
108477,35.980655,-77.78315
117899,35.971667,-77.882575
108478,35.911636,-77.589104
108479,35.926061,-77.56299
108480,36.311257,-76.626352
108481,35.672361,-77.95399
108482,35.783524,-78.176868
108483,36.703825,-77.526472
108484,35.687997,-77.919232
108485,36.423707,-77.644089
108486,36.004723,-77.77453
108487,35.521758,-78.305725
108488,35.706039,-77.912984
108489,35.896762,-77.537495
108490,35.818731,-78.273923
108491,35.972061,-77.95616
108492,35.548488,-78.393601
108493,36.056076,-77.749452
108494,35.977779,-77.844404
108495,36.442201,-77.652143
108496,35.883959,-77.025048
108497,35.815199,-78.320704
108498,35.541825,-78.298703
108499,35.990169,-77.836314
108500,35.691612,-77.939521
108501,36.358474,-77.79168
108502,35.511725,-78.259743
108503,36.741463,-77.503804
108504,35.698689,-77.919243
108505,35.990169,-77.836314
108506,35.922285,-77.808958
108507,35.965718,-77.782079
108508,35.945371,-77.754471
108509,36.389635,-77.410825
108510,35.767491,-77.937758
108511,36.44191,-77.650249
108512,36.457293,-77.656486
108513,35.51786,-78.286338
108514,35.503677,-78.343634
108515,36.444147,-77.104857
108516,36.096204,-77.968919
108517,35.819278,-78.273687
108518,35.998344,-77.776521
108519,35.881985,-77.822205
108520,35.806067,-77.862515
108521,36.228428,-76.353477
108522,35.969155,-77.918865
108523,35.807297,-76.944754
108524,35.964347,-77.780929
108525,36.011917,-77.772103
108526,35.9602,-77.8809
108527,36.661917,-77.553648
108528,35.90642,-77.594697
108529,35.676603,-78.555771
108530,35.945903,-78.121298
108531,35.990097,-77.962297
108532,36.537874,-77.532454
108533,35.990169,-77.836314
108534,36.450438,-76.606291
108535,35.932099,-77.801471
108536,36.442951,-77.651778
108537,35.573916,-78.144927
108538,35.886628,-77.200313
108539,35.807795,-77.375766
108540,35.535272,-78.281001
108541,35.733677,-77.890687
108542,35.72118,-77.978912
108543,36.303777,-76.802326
108544,36.74313,-77.500921
108545,35.910591,-77.577862
108546,35.7444,-78.000693
108547,35.428625,-78.416221
108548,36.428423,-77.223103
108549,36.082066,-76.621244
108550,36.017431,-76.563367
108551,35.990169,-77.836314
108552,36.464736,-77.690448
108553,36.464736,-77.690448
108554,36.360584,-77.664926
108555,36.06163,-76.617186
108556,35.724968,-77.903206
108557,36.073191,-76.596703
108558,35.748073,-78.279034
108559,36.006602,-77.786861
108560,35.701942,-77.931417
108561,35.70596,-77.913453
108562,35.990169,-77.836314
108563,36.2821,-76.978954
108564,36.429833,-77.628175
108565,35.70095,-77.925651
108566,36.061787,-77.817051
108567,35.965836,-77.944865
108568,35.923241,-77.807096
108569,36.178384,-77.683165
108570,36.111825,-76.638787
108571,35.967085,-77.787275
108572,35.990169,-77.836314
108573,35.698532,-77.917029
108574,35.764777,-77.966541
108575,35.935826,-78.108421
108576,36.003924,-77.776458
108577,36.007235,-77.775748
108578,35.965718,-77.782079
108579,35.822695,-76.762209
108580,35.895714,-77.537726
108581,35.990169,-77.836314
108582,35.671146,-77.954055
108583,36.359161,-77.728203
108584,35.990169,-77.836314
108585,35.815886,-76.197725
108586,35.515839,-78.355426
108587,35.511434,-78.346413
108588,36.43527,-77.911825
108589,36.342097,-77.667345
108590,35.669371,-77.953862
108591,36.180438,-77.663402
108592,35.990169,-77.836314
108593,35.990169,-77.836314
108594,36.51786,-77.611365
108595,35.510376,-78.338361
108596,35.970645,-77.803946
108597,35.990169,-77.836314
108598,35.817392,-77.786783
108599,36.694851,-77.288891
108600,35.911279,-77.586096
108601,36.200019,-77.234625
108602,35.966376,-77.872699
108603,35.503875,-78.343977
108604,36.13498,-77.416697
108605,35.486244,-78.257324
108606,35.514184,-78.330031
108607,35.826219,-78.308344
108608,36.206147,-77.447594
108609,35.990169,-77.836314
108610,35.990169,-77.836314
108611,35.984314,-77.855787
108612,36.361824,-76.864849
108613,36.13491,-77.435093
108614,36.484989,-77.619703
108615,35.990169,-77.836314
108616,35.799394,-77.373409
108617,35.728514,-78.012417
108618,35.761389,-77.959322
108619,35.925421,-77.561415
108620,35.950393,-77.80352
108621,35.692006,-77.917613
108622,35.990169,-77.836314
108623,35.893078,-77.538435
108624,35.894,-77.543122
108625,36.201349,-76.767742
108626,35.723576,-77.918535
108627,35.762091,-77.96076
108628,35.699624,-77.903088
108629,35.658865,-77.925152
108630,35.750595,-77.995513
108631,35.572155,-78.158328
108632,35.951692,-78.097404
108633,35.699385,-77.948201
108634,36.454158,-77.658086
108635,35.969939,-77.84769
108636,35.815585,-77.850501
108637,35.825891,-77.856087
108638,36.011917,-77.772103
108639,35.89466,-77.946952
108640,35.871399,-78.005748
108641,35.975151,-77.780479
108642,36.529995,-77.894066
108643,35.52222,-78.294589
108644,35.820866,-78.323575
108645,35.731538,-76.143089
108646,35.908766,-77.805443
108647,36.566953,-77.89463
108648,36.238937,-76.325588
108649,35.716588,-77.954648
108650,35.476198,-78.379243
108651,36.006361,-76.949257
108652,35.732907,-77.88071
108653,36.003924,-77.776458
108654,36.232979,-76.343386
108655,36.177688,-76.355914
108656,36.116713,-76.482274
108657,35.549504,-78.302013
108658,36.111825,-76.638787
108659,35.812327,-77.647722
108660,35.785832,-78.182493
108661,35.793671,-78.569174
108662,35.990169,-77.836314
108663,35.548488,-78.393601
108664,35.990169,-77.836314
108665,36.177703,-76.356267
108666,35.784737,-78.203977
108667,35.990169,-77.836314
108668,35.94785,-77.798278
108669,35.700749,-77.916665
108670,36.18174,-77.664203
108671,36.486574,-77.618561
108672,36.455287,-77.659006
108673,35.986689,-77.773512
108674,36.573924,-77.236328
108675,35.630704,-78.128315
108676,35.822695,-76.762209
108677,36.002617,-77.775138
108678,35.716605,-77.954077
108679,36.299574,-77.631802
108680,35.511434,-78.346413
108681,35.976021,-77.967821
108682,35.970908,-77.933902
108683,35.697497,-77.917141
108684,35.990169,-77.836314
108685,35.972212,-77.844675
108686,35.971604,-77.843937
108687,35.979227,-77.84567
108688,35.972855,-77.846014
108689,35.531558,-78.275653
108690,35.829369,-78.294592
108691,36.424841,-77.592536
108692,35.822695,-76.762209
108693,35.812697,-77.81676
108694,35.990169,-77.836314
108695,35.911436,-77.586679
108696,36.202676,-76.767639
108697,36.501685,-77.605645
108698,35.808598,-76.884706
108699,35.773224,-77.175069
108700,36.264233,-76.963432
108701,36.008827,-77.786952
108702,35.731646,-77.876849
108703,35.962476,-77.795637
108704,36.019206,-76.955026
108705,36.055553,-77.823473
108706,35.535193,-78.275973
108707,35.971495,-77.985102
108708,35.982572,-77.782276
108709,35.508772,-78.519163
108710,35.970728,-77.934067
108711,35.916823,-77.53308
108712,35.990169,-77.836314
108713,35.685351,-77.910715
108714,35.446313,-78.421658
108715,35.824554,-77.252441
108716,35.853178,-77.0582
108717,36.464503,-76.674243
108718,35.978298,-77.719214
108719,36.766838,-77.711385
108720,35.717813,-77.952251
108721,35.503664,-78.344121
108722,35.725444,-77.912793
108723,35.981499,-77.781784
108724,36.269868,-76.969222
108725,35.990169,-77.836314
108726,35.818587,-76.997352
108727,36.436841,-77.228779
108728,36.102024,-76.345399
108729,35.444463,-78.430335
108730,36.389531,-77.410952
108731,36.115755,-77.426291
108732,36.017351,-77.947459
108733,35.923226,-77.796831
108734,35.94382,-77.849415
108735,36.440037,-77.642958
108736,35.789834,-78.122873
108737,35.509883,-78.318658
108738,35.416435,-78.49813
108739,36.230794,-77.697493
108740,36.279782,-77.019982
108741,35.371093,-78.440496
108742,35.719355,-77.910737
108743,36.452257,-77.659018
108744,36.508033,-77.964559
108745,36.012189,-76.774226
108746,35.732482,-77.996185
108747,35.971444,-77.807891
108748,35.741851,-77.96175
108749,35.924481,-77.839504
108750,35.491367,-78.3586
108751,35.737395,-78.244858
108752,35.896971,-77.535869
108753,35.843856,-77.088159
108754,36.017217,-77.770544
108755,36.438009,-77.623889
108756,35.986125,-76.959632
108757,36.012751,-78.042235
108758,35.932416,-77.80122
108759,35.513745,-78.534047
108760,35.731785,-78.034341
108761,36.766838,-77.711385
108762,35.932799,-77.801175
108763,35.932799,-77.801175
108764,35.63969,-76.804993
108765,35.873784,-77.087593
108766,35.539403,-78.297035
108767,35.380188,-78.387852
108768,35.736151,-77.876758
108769,35.698532,-77.917029
108770,35.682031,-77.911008
108771,35.933086,-78.117929
108772,35.695062,-77.899443
108773,35.914571,-77.807077
108774,36.00889,-77.788198
108775,35.916008,-77.804896
108776,35.831455,-78.30485
108777,35.780286,-77.916731
108778,35.825526,-76.755271
108779,36.004206,-77.774306
108780,35.912518,-76.287921
108781,36.229022,-76.655677
108782,35.697811,-77.935485
108783,36.059223,-77.739459
108784,35.956989,-77.87278
108785,35.990169,-77.836314
108786,36.177703,-76.356267
108787,36.442951,-77.651778
108788,35.707623,-77.912803
108789,36.573999,-77.234984
108790,36.630874,-77.109319
108791,35.90925,-77.542739
108792,35.755631,-77.92019
108793,36.254295,-76.377582
108794,35.793607,-76.878539
108795,35.990169,-77.836314
108796,35.896979,-77.824507
108797,35.566774,-78.338086
108798,35.766283,-77.948992
108799,35.70295,-77.897141
108800,36.719424,-77.646418
108801,35.826095,-77.209929
108802,35.839474,-77.100225
108803,36.175986,-77.909265
108804,35.982473,-77.779123
108805,36.253753,-76.956035
108806,35.990169,-77.836314
108807,35.990169,-77.836314
108808,36.117619,-77.421058
108809,35.893448,-77.548566
108810,35.990169,-77.836314
108811,36.007235,-77.775748
108812,35.767275,-77.963047
108813,35.476198,-78.379243
108814,36.022375,-76.572933
108815,35.990097,-77.962297
108816,35.916823,-77.53308
108817,35.807795,-77.375766
108818,35.731049,-77.915911
108819,35.970538,-77.920653
108820,35.921628,-77.83137
108821,35.690349,-77.909309
108822,35.72224,-77.920631
108823,35.531558,-78.275653
108824,35.758556,-76.181099
108825,36.331338,-77.212936
108826,35.326646,-78.264179
108827,35.879781,-77.58628
108828,35.72466,-77.920671
108829,36.125483,-77.411981
108830,35.964712,-77.835149
108831,36.052458,-77.822995
108832,36.421148,-77.050563
108833,35.852096,-76.753682
108834,35.70257,-77.8917
108835,35.7402,-77.877673
108836,35.926714,-77.565184
108837,35.927229,-77.784344
108838,35.483575,-78.360792
108839,35.902117,-76.294973
108840,35.801192,-77.787823
108841,36.314999,-77.605627
108842,36.573924,-77.236328
108843,35.494229,-78.356321
108844,35.823146,-77.238964
108845,36.054138,-77.817603
108846,35.893078,-77.538435
108847,35.969155,-77.918865
108848,36.10174,-77.717209
108849,35.974653,-77.782916
108850,36.500583,-77.641633
108851,36.537488,-77.904371
108852,35.8617,-76.735088
108853,35.916758,-76.253683
108854,36.111825,-76.638787
108855,35.525575,-78.282624
108856,35.990169,-77.836314
108857,36.685738,-77.544721
108858,36.065906,-77.746651
108859,35.990169,-77.836314
108860,35.875196,-76.633006
108861,36.740014,-77.51032
108862,36.442234,-76.613579
108863,35.699624,-77.903088
108864,35.820961,-77.854158
108865,35.976399,-77.784152
108866,35.941628,-78.120443
108867,35.923241,-77.807096
108868,35.567915,-78.340222
108869,35.897263,-77.54206
108870,36.202109,-76.780089
117900,35.971667,-77.882575
108871,35.990169,-77.836314
108872,36.463244,-77.688672
108873,35.480654,-78.37117
108874,35.982572,-77.782276
108875,35.990169,-77.836314
108876,35.681275,-77.951339
108877,35.990169,-77.836314
108878,35.967992,-78.1122
108879,35.96381,-77.797367
108880,35.758556,-76.181099
108881,36.813737,-77.467601
108882,35.836956,-77.18877
108883,36.269579,-77.003314
108884,36.452257,-77.659018
108885,35.976399,-77.784152
108886,35.972835,-77.883447
108887,35.581887,-78.149285
108888,36.207469,-76.712418
108889,36.162471,-76.480609
108890,35.976399,-77.784152
108891,36.206506,-76.874244
108892,35.903778,-77.827088
108893,35.986431,-77.791645
108894,35.976399,-77.784152
108895,35.740083,-78.003319
108896,35.511834,-78.337235
108897,35.960602,-77.880366
108898,35.911636,-77.589104
108899,35.670352,-78.256565
108900,36.434913,-77.622657
108901,35.759556,-77.999354
108902,36.738943,-77.504425
108903,35.906696,-77.811922
108904,35.73205,-77.998724
108905,35.536575,-78.299513
108906,36.703117,-77.535235
108907,36.066835,-77.748925
108908,35.584152,-78.139218
108909,35.975542,-77.839557
108910,35.990097,-77.962297
108911,35.840928,-77.059163
108912,36.368252,-77.320541
108913,35.493323,-78.357037
108914,36.18049,-76.86542
108915,35.685351,-77.910715
108916,35.703829,-77.898127
108917,35.980737,-77.788128
108918,35.828224,-77.23394
108919,35.73601,-77.882455
108920,35.968471,-77.78677
108921,35.781701,-78.029604
108922,35.838825,-76.766801
108923,36.402151,-77.598798
108924,35.710301,-78.003388
108925,35.932552,-77.642794
108926,35.962476,-77.795637
108927,35.480515,-78.468756
108928,35.990169,-77.836314
108929,36.567111,-77.582675
108930,35.77744,-77.945818
108931,35.894656,-77.538586
108932,35.925152,-77.804236
108933,35.94333,-77.793718
108934,35.522371,-78.357705
108935,35.896052,-77.535514
108936,35.51082,-78.345218
108937,35.75924,-77.953989
108938,35.699885,-77.923854
108939,36.498598,-77.633092
108940,35.685351,-77.910715
108941,35.784737,-78.203977
108942,35.721817,-77.934303
108943,36.008943,-77.788054
108944,36.389527,-77.410702
108945,36.171474,-77.679412
108946,35.899236,-77.825366
108947,36.268826,-77.000684
108948,36.025279,-77.7682
108949,35.87325,-77.086183
108950,36.30619,-77.091353
108951,36.126946,-77.734903
108952,35.962478,-77.783495
108953,35.9602,-77.8809
108954,35.741851,-77.96175
108955,35.741851,-77.96175
108956,35.506506,-78.322042
108957,35.972499,-77.812048
108958,35.960531,-77.821634
108959,35.987425,-77.78155
108960,35.722618,-77.912165
108961,35.763555,-78.007793
108962,36.73861,-77.506108
108963,35.990169,-77.836314
108964,36.025755,-77.763708
108965,35.368812,-78.449599
108966,35.983046,-77.782587
108967,36.708951,-77.566211
108968,35.783524,-78.176868
108969,36.55203,-77.619057
108970,35.701942,-77.931417
108971,35.459076,-78.386414
108972,35.607907,-78.099428
108973,35.967992,-78.1122
108974,36.034283,-77.761344
108975,36.022502,-76.572395
108976,36.077372,-76.589544
108977,36.064674,-77.747917
108978,36.065906,-77.746651
108979,36.066552,-77.74894
108980,35.923702,-77.811748
108981,35.853267,-77.83787
108982,35.858879,-77.041249
108983,36.20486,-77.234697
108984,35.906087,-77.540293
108985,35.703591,-77.926859
108986,36.017431,-76.563367
108987,35.998386,-77.769858
108988,35.49049,-78.350526
108989,35.973367,-77.967082
108990,36.175724,-76.640568
108991,35.497707,-78.244682
108992,35.964284,-77.837925
108993,35.510137,-78.242609
108994,36.451019,-77.653458
108995,36.069497,-77.811191
108996,35.516602,-78.322604
108997,35.702327,-77.919621
108998,35.932508,-78.051077
108999,36.057352,-77.749451
109000,35.98732,-77.783313
109001,35.97054,-77.921085
109002,35.699119,-77.888666
109003,36.233298,-76.336844
109004,36.265457,-77.733098
198694,35.983574,-77.787499
211029,35.883424,-77.548325
198817,36.02489,-76.573053
278246,36.440009,-77.642974
278247,35.699011,-77.888603
109005,35.508772,-78.519163
109006,35.508772,-78.519163
109007,35.480901,-78.037199
109008,35.76014,-77.998472
109009,35.441151,-78.387008
109010,35.815755,-78.268596
109011,35.512678,-78.304795
109012,35.508316,-78.338192
109013,35.832526,-78.325965
109014,35.83111,-78.283861
109015,35.826219,-78.308344
109016,35.822048,-78.346215
109017,35.510157,-78.343636
109018,35.831455,-78.30485
109019,35.557552,-78.3283
109020,35.504728,-78.343416
109021,35.466222,-78.316542
109022,35.490273,-78.359429
109023,35.494011,-78.283491
109024,35.509135,-78.339141
109025,35.508825,-78.312692
109026,35.787444,-78.18884
109027,35.575931,-78.346275
109028,35.785762,-78.186144
109029,35.787593,-78.191032
109030,35.507418,-78.335882
109031,35.542513,-78.360846
109032,35.496686,-78.349528
109033,35.821094,-78.31294
109034,35.527113,-78.363343
109035,35.536575,-78.299513
109036,35.524043,-78.301249
109037,35.517862,-78.288859
109038,35.828787,-78.306921
109039,35.52286,-78.304605
109040,35.55327,-78.199458
109041,35.51633,-78.323062
109042,35.526076,-78.297302
109043,35.510047,-78.335856
109044,35.525575,-78.282624
109045,35.818601,-78.325893
109046,35.489391,-78.360103
109047,35.484371,-78.257248
109048,35.520262,-78.309905
109049,35.483575,-78.360792
109050,35.527706,-78.364318
109051,35.553426,-78.198922
109052,35.500305,-78.310874
109053,35.509401,-78.23791
109054,35.512626,-78.304903
109055,35.951542,-78.096837
109056,35.489391,-78.360103
109057,35.539403,-78.297035
109058,35.823945,-78.281933
109059,35.56123,-78.205314
220405,35.770269,-78.180167
197156,35.713314,-77.898372
211030,35.732771,-78.114049
293885,35.87389,-76.712465
282181,36.452388,-77.558376
303404,35.969405,-77.969169
307530,35.856456,-77.052411
222370,35.819114,-77.108694
197157,35.717847,-77.934121
215797,36.059223,-77.739459
203209,36.082498,-76.591542
312836,35.905603,-77.824913
278131,35.806731,-77.067783
290258,35.708558,-77.926068
309289,35.444429,-78.105939
226245,36.126839,-77.196379
228396,36.127212,-78.110377
197158,35.781148,-77.255382
309290,35.797857,-77.416652
228397,35.826733,-78.306048
293886,36.180821,-76.69172
299703,35.975542,-77.839557
212769,35.436113,-78.444899
295833,36.695824,-77.538023
203210,36.438013,-77.617428
212770,35.699933,-77.922194
224324,35.89462,-77.541339
305621,36.439289,-77.621745
214296,36.097349,-76.399819
222371,35.902485,-77.826983
205134,35.884821,-78.354581
301399,36.614828,-77.873077
230612,36.477522,-77.6461
220406,35.798831,-77.863226
217561,35.914197,-77.543568
198695,35.866889,-76.749021
279954,36.428423,-77.223103
282182,35.767008,-77.945814
314691,35.980404,-77.788556
282183,35.476611,-78.377624
299704,36.691062,-77.530525
205135,36.35097,-76.822632
214297,35.717698,-77.915727
314692,36.4918,-76.76895
314693,35.977594,-77.977051
316530,35.728149,-77.890594
292042,35.597074,-78.122897
307531,36.533696,-77.549044
307532,35.69021,-77.914178
310984,35.86729,-76.659119
224325,36.432262,-77.125596
214298,35.971667,-77.882575
217562,35.977677,-77.870691
282184,36.477005,-77.582643
230613,35.756749,-77.957302
301400,35.973849,-77.859898
305622,36.253326,-77.576556
295834,36.430681,-77.621235
307533,35.822206,-76.514294
282185,35.961316,-78.276892
211031,35.975542,-77.839557
297722,36.441578,-76.576152
217563,36.719424,-77.646418
200278,35.956452,-77.288623
215946,36.42758,-77.616285
211032,35.856456,-77.052411
287874,36.529748,-77.82643
309291,36.500589,-77.640949
297723,35.859157,-76.745405
312837,36.305544,-76.767481
211033,35.972878,-77.745529
290259,35.841408,-77.068384
310985,35.911622,-77.59022
273272,35.7402,-77.877673
193379,35.971987,-77.88368
310986,35.696846,-77.903286
273273,36.438013,-77.617428
287875,35.914197,-77.543568
278132,35.940971,-78.263293
209348,35.980382,-77.802612
278133,35.927181,-77.872104
307534,35.521215,-78.481874
228398,35.846134,-78.137108
220407,35.928563,-77.719881
212771,36.143599,-77.21443
215798,35.85707,-78.194944
209349,36.438013,-77.617428
232622,35.710129,-77.929429
273274,35.699933,-77.922194
305623,36.695587,-77.527616
279955,35.521268,-78.358328
209350,36.059219,-76.608836
278134,35.554522,-78.383358
307535,35.506157,-78.336904
228399,36.351099,-76.822699
295835,35.971667,-77.882575
197159,35.941783,-77.775615
303405,36.277372,-76.984773
198696,35.811749,-77.727752
234658,36.433015,-77.631187
307536,36.073818,-76.599804
278135,35.886787,-78.006001
287876,35.555713,-78.297638
205136,35.76505,-77.961404
297724,35.832526,-78.325965
226246,35.841039,-78.246463
226247,35.627169,-78.094025
297725,35.658541,-77.931052
279956,36.108437,-77.719591
316531,36.038481,-77.906373
293887,35.541825,-78.298703
211034,35.95932,-77.80173
205137,35.907718,-77.828607
217564,36.56917,-77.248539
214299,36.797769,-77.483194
209351,35.645852,-78.010178
297726,35.539162,-78.283503
279957,35.975542,-77.839557
214300,35.527338,-78.295073
279958,35.717277,-77.943949
312838,36.007832,-76.955902
316532,35.881958,-78.001667
312839,35.757336,-78.092122
214301,36.282111,-76.990507
297727,35.9602,-77.8809
292043,36.109145,-77.871418
214302,35.692705,-77.938038
234659,36.019959,-78.041823
224326,36.719424,-77.646418
282186,35.977677,-77.870691
293888,36.034283,-77.761344
232623,36.403692,-77.018203
198697,35.76505,-77.961404
278136,35.7836,-77.856365
197160,35.975542,-77.839557
228400,35.70095,-77.925651
209352,35.953411,-77.803315
282187,35.925421,-77.561415
287877,36.000816,-77.765793
282188,35.83111,-78.283861
212772,36.065481,-76.593641
312840,35.867591,-76.750093
230614,35.952109,-78.244611
200279,35.548127,-78.299109
310987,35.756557,-77.957448
287878,35.795691,-77.913219
299705,35.756965,-77.957621
220408,35.80287,-77.639859
309292,35.956749,-77.883651
198698,35.824683,-78.314804
226248,36.663319,-77.553308
297728,35.642523,-78.081956
217565,36.439289,-77.621745
293889,36.08037,-76.588302
222372,36.506936,-76.727211
212773,35.800651,-78.299688
307537,35.717277,-77.943949
197161,35.503677,-78.343634
232624,35.8453,-77.051313
224327,35.914144,-77.543416
303406,35.899744,-76.379393
205138,35.91926,-77.831355
278137,36.40008,-77.655765
232625,36.390252,-76.739495
212774,36.692218,-77.537127
197162,35.717277,-77.943949
230615,36.451131,-77.574834
234660,35.900233,-77.740167
284087,36.01154,-76.564607
316533,35.863077,-78.239116
286130,36.470135,-77.658472
228401,36.081796,-77.403494
230616,36.517833,-77.188124
200280,36.489348,-77.44095
290260,36.532491,-77.93867
282189,36.339864,-76.674155
287879,35.720941,-77.911774
279959,35.975542,-77.839557
215799,35.980405,-76.955943
309293,35.85707,-78.194944
215800,35.554456,-78.298081
232626,35.826733,-78.306048
312841,36.608957,-77.546745
228402,35.854263,-77.059935
228403,36.180907,-77.665247
209353,35.717698,-77.915727
301401,35.975542,-77.839557
284088,35.956452,-77.288623
224328,36.386069,-77.311445
222373,35.531842,-78.285955
312842,35.720941,-77.911774
303407,36.208562,-76.493197
228404,35.813832,-76.838762
273275,35.658541,-77.931052
282190,36.502987,-76.771972
287880,35.971987,-77.88368
217566,35.559247,-78.293898
224329,35.911142,-77.551995
282191,35.832846,-77.093789
292044,35.941783,-77.775615
284089,35.840622,-78.109402
197163,36.452422,-77.643948
220409,35.722105,-77.919933
232627,36.201082,-76.768412
232628,35.895714,-77.537726
224330,35.916823,-77.53308
217567,35.685628,-77.977584
205139,35.551578,-78.305473
232629,36.460681,-77.674769
200281,35.88199,-76.414433
307538,36.450993,-77.56032
224331,35.703829,-77.898127
303408,35.9704,-77.946138
310988,35.742436,-78.031776
282192,35.975542,-77.839557
209354,35.869473,-76.396061
284090,36.323633,-77.024632
297729,35.516628,-78.357703
286131,35.72636,-77.91213
228405,35.754655,-77.916488
198699,36.454309,-77.651953
295836,35.793057,-78.185882
234661,35.853267,-77.83787
200282,35.9995,-77.766
203211,36.405119,-77.230552
234662,35.969405,-77.969169
278138,36.454096,-77.65812
209355,35.823876,-78.315436
224332,35.943341,-77.232575
301402,35.733677,-77.890687
293890,36.283872,-76.982447
286132,35.814614,-78.331463
279960,35.482598,-78.367949
286133,36.177703,-76.356267
205140,35.52439,-78.30057
209356,35.694217,-77.917358
212775,35.741735,-77.996382
203212,35.853064,-78.086567
224333,36.394029,-76.947918
307539,35.754655,-77.916488
309294,36.436754,-77.625868
234663,35.525978,-78.388157
292045,35.520956,-78.314486
282193,35.765824,-77.853946
309295,35.635575,-77.933437
215801,35.916823,-77.53308
279961,35.703591,-77.926859
314694,35.994805,-77.877851
217568,36.451131,-77.574834
228406,36.201761,-76.492542
282194,35.926865,-77.567153
222374,36.797769,-77.483194
226249,36.201082,-76.768412
215802,35.738288,-77.888242
215803,35.63969,-76.804993
212776,35.972028,-77.849297
286134,35.738032,-77.889027
303409,36.449971,-77.660188
305624,36.019959,-78.041823
284091,35.885327,-77.890733
297730,35.824902,-77.170337
217569,36.173223,-76.687097
215804,35.815199,-78.320704
293891,35.987407,-77.786716
273276,36.082586,-76.59148
217570,36.399026,-77.613596
295837,35.553351,-78.232497
205141,35.717238,-77.948518
215805,36.439289,-77.621745
287881,35.871399,-78.005748
307540,35.360657,-78.333427
312843,36.537744,-77.964069
197164,35.715055,-77.947337
309326,35.965117,-77.835618
209357,36.703096,-77.553907
299706,35.832412,-78.319896
295838,35.517739,-78.362831
212777,35.846969,-77.91514
211035,36.060415,-76.60696
303410,36.70487,-77.554979
310989,36.063097,-77.819173
282195,35.755759,-77.976477
309296,35.548127,-78.299109
290261,36.126946,-77.734903
203213,36.526855,-77.774093
284092,35.984643,-77.784733
215806,36.432262,-77.125596
209358,35.870065,-77.833188
297731,35.704695,-77.914093
212778,35.872089,-77.563332
301403,35.723249,-77.939749
209359,35.7877,-77.881589
307541,35.939118,-76.340683
215807,35.693064,-77.989745
284093,36.065481,-76.593641
193380,36.10569,-77.713123
228407,36.125483,-77.411981
303411,35.754889,-78.057868
316534,36.438013,-77.617428
279962,35.767491,-77.937758
286135,35.728847,-77.952121
212779,36.46409,-77.736784
282196,36.087123,-76.37491
209360,35.975542,-77.839557
282197,35.732771,-78.114049
228408,35.865638,-76.754823
309297,36.442234,-76.613579
198700,35.977677,-77.870691
279963,35.70333,-77.916361
198701,35.703829,-77.898127
215947,36.071312,-76.60982
232630,36.439194,-77.643339
198702,36.069497,-77.811191
301498,35.814294,-78.344494
214303,36.463244,-77.688672
295839,35.927239,-76.351712
230617,35.978583,-77.847318
307542,35.808674,-77.393406
295840,36.437092,-77.228852
230618,35.741851,-77.96175
293892,35.936505,-77.794595
284094,36.534422,-77.937849
303412,35.736048,-77.883612
203214,36.438013,-77.617428
303413,35.828175,-78.299647
222375,35.509327,-78.343612
197165,35.849357,-78.098336
305625,35.899547,-76.445566
197166,35.740635,-77.960276
230619,36.058243,-77.83301
299707,36.246533,-76.423975
220410,35.841408,-77.068384
279964,36.116164,-76.664696
220411,35.97025,-77.946904
200283,35.969431,-77.951202
312844,35.957515,-77.801708
301404,35.810229,-76.908686
232631,35.572162,-78.168244
290262,35.980125,-77.808523
290263,35.669371,-77.953862
309298,35.978159,-76.947874
232632,35.785762,-78.186144
273529,35.469352,-78.257579
295841,35.721912,-77.920534
309299,35.63969,-76.804993
222376,36.399026,-77.613596
211036,36.440657,-77.92822
211037,36.438013,-77.617428
197167,35.63969,-76.804993
312845,35.972878,-77.745529
212780,35.918514,-76.228271
228409,35.845102,-77.909695
200284,36.006945,-77.604286
222377,36.435202,-77.687624
209361,35.658541,-77.931052
234664,35.843941,-77.055077
234665,36.060505,-76.600616
278139,36.286334,-76.986752
197168,35.669667,-78.31137
230620,35.320277,-78.280141
198703,36.364857,-77.008591
197169,36.067685,-77.748881
310990,35.715055,-77.947337
232633,36.090766,-77.099654
314695,35.784128,-77.940428
215808,36.735333,-77.510598
200285,35.738767,-77.96328
230621,36.033739,-76.526897
295842,36.305222,-76.768684
222378,36.411325,-77.689109
284095,36.188466,-77.654383
303414,35.988072,-76.949429
203215,36.431772,-77.680694
211038,35.703829,-77.898127
307543,35.971667,-77.882575
278140,36.394319,-77.765277
278141,36.526837,-76.782111
197170,35.781019,-78.186459
212781,35.833603,-77.09294
297732,36.453824,-77.561799
284096,36.056941,-76.637422
205142,36.434826,-77.647742
197171,35.736048,-77.883612
287882,36.452388,-77.558376
273277,35.72153,-77.933401
278142,36.529517,-76.677569
232634,35.735866,-77.949327
293893,36.034283,-77.761344
273530,35.737932,-77.879112
310991,36.430361,-77.623576
234666,35.716906,-77.8943
197172,35.577681,-78.349221
305626,36.069778,-77.962576
295843,35.70981,-77.928397
215809,35.716226,-78.255355
197173,35.975495,-77.966264
234667,35.735866,-77.949327
297733,35.828038,-77.098229
309300,35.739861,-77.987587
282198,35.766853,-78.058506
220412,36.156531,-77.780528
301405,35.52158,-78.30608
226250,35.826219,-78.308344
286136,36.08613,-76.380417
211039,36.071021,-77.813168
198704,35.784499,-77.859753
198705,35.965117,-77.835618
292046,36.299198,-77.454997
273278,35.716544,-77.906521
197174,35.872152,-76.39327
205143,36.507632,-77.964565
222379,36.695587,-77.527616
205144,35.753063,-77.929824
273279,35.733677,-77.890687
290264,35.799599,-78.01859
205145,35.706039,-77.912984
312846,35.680013,-78.056387
295844,35.717847,-77.934121
282199,35.953411,-77.803315
295845,35.76874,-78.136325
297734,35.7402,-77.877673
307544,36.005549,-77.777442
228410,35.804517,-78.163017
209362,35.825399,-76.200871
232635,35.971667,-77.882575
212782,36.005549,-77.777442
226251,35.985731,-77.790376
203216,36.334049,-77.217509
234668,35.428625,-78.416221
295846,36.118198,-77.070694
299708,36.173972,-76.475343
293894,36.022441,-76.573946
220413,36.282148,-76.990579
205146,36.065481,-76.593641
217571,36.448004,-77.656567
198706,35.856456,-77.052411
279965,36.010977,-76.546254
198707,35.514498,-78.329375
226252,35.73157,-77.875336
214304,35.823696,-77.869867
299709,35.721817,-77.934303
228411,35.527338,-78.295073
212783,35.9513,-77.802251
295959,35.658541,-77.931052
214305,35.868592,-76.742598
312847,35.793057,-78.185882
198708,35.444429,-78.105939
295847,35.960853,-78.119415
291972,35.971667,-77.882575
217572,36.044339,-77.74451
226253,36.00046,-77.780126
211040,36.004723,-77.77453
282200,35.594209,-78.283051
200286,35.911142,-77.551995
305627,35.986482,-77.845776
273280,35.973638,-77.804298
197175,35.828175,-78.299647
282201,35.829354,-77.856179
217573,36.545397,-77.526097
214306,35.658541,-77.931052
228412,35.971987,-77.88368
217574,36.229138,-76.94015
316535,36.142779,-76.697844
220414,36.864099,-77.560421
200287,36.433015,-77.631187
198709,35.773417,-77.939313
316536,36.060858,-77.862968
234669,36.427033,-77.615098
215810,36.079495,-76.58713
197176,35.628742,-78.092146
287883,35.728847,-77.952121
228413,36.058243,-77.83301
222380,35.696558,-77.937616
284097,35.768883,-77.918253
299710,35.765824,-77.853946
224334,36.026688,-76.574437
305628,35.820866,-78.323575
301406,36.438013,-77.617428
316537,35.686971,-78.308388
217575,35.720941,-77.911774
297735,35.680777,-78.094604
279966,35.859144,-77.047296
287884,35.539403,-78.297035
220502,35.729079,-77.895805
299711,36.399026,-77.613596
212784,35.948979,-77.832107
212785,36.102024,-76.345399
226254,35.816412,-77.451367
295848,36.14265,-77.212903
286137,36.01831,-76.779623
197177,35.72153,-77.933401
224335,35.699968,-77.945326
303415,35.704695,-77.914093
292047,36.436092,-77.908233
316538,35.977968,-76.908203
203217,35.832412,-78.319896
200288,35.94382,-77.849415
307545,36.288329,-76.984007
295849,36.243438,-76.360444
211041,36.118198,-77.070694
282202,36.286005,-76.567942
287885,36.181437,-77.682557
203218,35.572162,-78.168244
232636,36.14265,-77.212903
197178,35.724515,-77.917134
209363,35.977594,-77.977051
209364,36.017351,-77.947459
295850,35.761788,-78.007697
214307,35.852487,-78.282145
198710,36.439289,-77.621745
211042,35.986482,-77.845776
279967,36.463327,-77.689189
282203,36.421148,-77.050563
228414,35.694292,-77.943919
230622,35.974141,-77.789659
212786,35.921625,-77.557072
286138,35.550477,-78.194616
215811,36.19002,-76.4665
209365,35.839286,-78.325388
303416,35.536458,-78.282855
278143,35.652824,-78.276523
197179,36.435798,-77.646392
232637,36.216243,-76.44887
228415,36.072919,-76.611572
273281,35.898083,-77.558697
303417,35.822699,-78.324833
305629,35.849369,-77.060706
226255,35.854647,-77.056371
214308,35.87254,-77.557199
214309,35.766841,-78.084898
307546,35.508484,-78.339442
299712,36.102024,-76.345399
297736,35.705577,-77.922538
215812,35.702327,-77.919621
273282,36.614828,-77.873077
209366,36.438013,-77.617428
307547,35.898262,-77.907917
301407,36.276442,-76.980489
228416,35.725198,-77.895756
234670,35.753837,-77.917496
316539,35.658541,-77.931052
278144,35.919941,-76.241337
226256,36.431795,-77.610043
228417,35.701934,-77.876092
293895,36.266558,-76.38488
282204,35.720592,-77.948527
209367,35.956781,-77.883546
215813,35.844609,-77.853053
314696,35.833394,-77.873137
282205,36.206147,-77.447594
284098,35.508484,-78.339442
282206,36.351099,-76.822699
307548,36.017351,-77.947459
292048,35.956235,-78.248636
203219,36.305544,-76.767481
197180,35.956452,-77.288623
287886,36.437092,-77.228852
292049,35.926865,-77.567153
286139,35.82698,-78.093434
287887,35.826733,-78.306048
220415,35.975336,-77.968276
215814,35.94513,-77.800887
303418,35.889882,-77.821804
220416,35.372379,-78.485738
282207,36.354093,-76.911955
214310,35.533187,-78.356438
220417,35.721003,-77.892303
278145,35.895234,-77.572956
212787,36.519062,-77.938332
290265,35.76505,-77.961404
205147,35.491272,-78.438828
220418,36.477761,-77.615215
279968,35.581607,-78.147762
222381,36.514884,-77.190578
273283,35.824044,-78.283374
222382,35.983522,-77.836459
286140,35.693231,-77.938261
215815,35.725198,-77.895756
310992,36.277372,-76.984773
198711,35.738767,-77.96328
222383,35.954039,-77.823757
222384,36.279909,-77.28005
303419,35.501781,-78.335639
224336,35.970478,-77.949948
292050,35.907718,-77.828607
211043,35.951422,-78.103041
198712,35.968243,-78.006692
292051,35.968897,-77.813039
287888,35.710129,-77.929429
295851,35.66548,-78.249695
314697,35.721912,-77.920534
222385,36.398521,-76.754084
314698,35.741851,-77.96175
292052,36.448004,-77.656567
226257,36.077198,-76.589734
197181,35.907718,-77.828607
279969,36.436754,-77.625868
301408,36.69767,-77.541964
198713,35.909603,-77.565969
310993,35.740635,-77.960276
286141,36.489348,-77.44095
234671,35.443474,-78.428751
203220,36.005549,-77.777442
287889,35.72466,-77.920671
220419,35.899236,-77.825366
316540,35.919778,-77.683086
293896,35.898956,-77.53565
305630,36.363819,-77.66857
316541,36.210954,-76.438382
301409,35.955537,-78.081719
198714,35.478088,-78.375199
203221,35.91482,-77.873153
316542,35.734544,-77.013087
197182,35.896414,-77.532566
299713,36.143599,-77.21443
301410,36.531129,-77.941217
314699,35.506084,-78.429836
211044,35.72459,-77.912069
282208,35.812561,-77.931432
217576,35.853178,-76.774464
203222,35.756045,-77.870068
228418,35.717333,-77.948052
282209,36.423707,-77.644089
214311,35.55935,-78.379652
217577,36.27063,-76.969056
205148,35.9685,-77.816417
314700,35.918174,-76.252988
307549,36.269143,-77.001777
299714,35.658553,-77.931469
230623,35.755759,-77.976477
309301,35.970969,-77.934828
310994,35.757618,-77.95781
226258,35.828773,-78.304575
209368,36.545397,-77.526097
273284,35.72459,-77.912069
292053,35.976347,-77.745617
222386,35.765147,-77.947514
215816,35.703829,-77.898127
222387,36.451131,-77.574834
286142,36.434826,-77.647742
232638,36.451131,-77.574834
316543,35.547358,-78.39048
307550,35.791739,-78.297372
209369,35.821808,-78.313036
279970,36.439289,-77.621745
215817,36.442446,-77.097014
203223,36.35097,-76.822632
200289,36.448004,-77.656567
215948,35.989333,-76.928611
295852,35.88972,-77.54829
284099,36.296561,-76.991061
205149,35.908332,-77.547411
217578,35.830452,-77.034243
284100,35.706288,-77.908655
279971,35.946812,-77.794455
278146,35.778486,-76.857088
230624,35.731579,-77.875861
303420,35.932284,-76.249394
297737,36.457736,-77.671957
198715,35.915952,-78.231265
230625,35.722371,-77.952092
312848,35.514814,-78.335822
211045,36.328101,-77.590128
286143,35.746683,-78.045507
209370,35.87254,-77.557199
293897,36.462303,-77.672606
309302,36.396993,-76.946894
234672,35.726238,-77.909434
209371,35.843392,-77.089564
303421,35.9418,-78.2708
314701,36.873745,-77.563944
205150,36.342717,-77.614037
273285,35.581091,-78.329607
230626,35.658541,-77.931052
232639,36.015217,-77.86633
309303,35.756045,-77.870068
230627,35.706288,-77.908655
278147,36.128294,-77.419145
197183,35.848666,-76.772059
209372,36.476591,-77.615821
220420,35.888399,-77.55119
301411,36.523492,-76.577488
222388,35.952547,-77.789637
220421,35.482598,-78.367949
209373,35.845546,-78.090966
278148,36.439289,-77.621745
279972,35.72459,-77.912069
198716,35.658541,-77.931052
314702,35.63969,-76.804993
292054,36.275465,-76.943537
209374,36.443676,-77.678043
292055,35.360657,-78.333427
295853,35.714508,-78.140113
297738,35.977721,-77.844408
226259,35.789875,-78.204436
316544,35.756965,-77.957621
226260,35.724515,-77.917134
209375,35.52158,-78.30608
282210,35.51786,-78.286338
295854,35.76413,-77.965001
230628,36.044742,-78.044622
292056,36.001346,-77.787565
287890,35.700787,-77.93396
200290,35.513084,-78.326707
278149,36.514211,-77.810405
203224,35.703591,-77.926859
228419,36.219203,-76.463901
273531,35.469352,-78.257579
220422,36.699836,-77.540909
278150,36.279909,-77.28005
279973,35.966261,-77.816283
282211,35.469352,-78.257579
287891,36.033739,-76.526897
305631,36.30053,-77.004519
282212,35.880247,-77.574245
226261,35.558637,-78.202189
211046,35.968243,-78.006692
312849,36.14265,-77.212903
230629,36.4918,-76.76895
205151,36.065303,-77.879367
273286,35.902894,-77.561892
217579,36.324584,-76.499957
301412,35.942852,-78.249365
224337,36.425624,-77.91258
205152,35.703591,-77.926859
295855,35.696435,-77.905426
292057,36.184688,-77.682283
273287,35.919778,-77.683086
309304,35.51786,-78.286338
290266,35.86729,-76.659119
215818,36.11602,-77.426217
224338,36.413124,-77.105424
286144,36.470797,-77.649717
316545,35.765223,-77.947587
297739,35.516628,-78.357703
316546,35.998344,-77.776521
312850,35.660305,-77.873918
214312,35.501781,-78.335639
222389,35.512663,-78.43002
279974,35.669667,-78.31137
305632,36.25859,-77.934626
228420,36.126683,-76.960796
232640,35.850112,-77.842225
295856,36.047966,-77.754014
293898,35.85144,-77.047049
217580,36.01154,-76.564607
295857,35.679481,-78.112897
197184,35.801827,-77.637651
293899,35.582836,-78.356821
224339,35.908332,-77.547411
295858,36.071664,-76.602751
305633,35.844051,-76.757797
309305,35.747524,-77.967956
286145,36.269868,-76.969222
295859,36.193648,-76.488627
198717,35.70062,-77.889487
203225,35.94595,-78.248168
314703,35.888659,-77.56263
292058,35.786198,-77.369774
287892,35.482871,-78.251095
287893,36.217111,-77.629816
220503,35.968422,-78.260335
303422,35.920176,-77.823573
212788,35.725198,-77.895756
222390,35.894096,-77.680092
224340,35.514498,-78.329375
234673,35.824315,-78.314726
305634,35.554181,-78.19663
209376,35.914197,-77.543568
292059,35.984643,-77.784733
197185,35.712789,-77.952425
224341,36.51657,-77.916344
316547,36.30115,-77.452705
293900,36.407214,-77.623014
197186,36.061442,-76.610216
224342,35.980449,-77.808716
290267,36.31668,-76.626846
215819,35.899658,-77.740135
287894,36.118151,-77.178694
292060,35.428625,-78.416221
209377,36.201761,-76.492542
297740,36.500589,-77.640949
310995,36.09515,-77.705558
220423,36.147938,-77.404662
234674,35.982482,-77.779425
279975,36.062053,-77.817729
309306,35.975542,-77.839557
232641,35.858294,-76.74911
305635,36.065481,-76.593641
203226,36.059223,-77.739459
312851,35.807795,-77.375766
299715,35.482598,-78.367949
224343,35.821047,-78.314917
215820,35.89993,-77.530462
292061,36.066845,-76.600152
279976,35.444429,-78.105939
205153,35.976932,-77.794969
217581,35.566787,-78.339038
299716,36.519358,-77.91536
205154,35.512663,-78.43002
211047,36.102024,-76.345399
215821,36.413122,-77.105423
292062,36.210954,-76.438382
197187,36.460388,-77.655067
220424,35.741735,-77.996382
284101,36.500057,-77.646941
220425,35.787112,-77.158413
228421,36.43655,-77.638214
224344,36.438013,-77.617428
305636,35.658553,-77.931469
228422,35.703829,-77.898127
287895,35.971667,-77.882575
297741,36.305975,-77.027617
197188,35.820691,-78.330546
197189,35.504728,-78.343416
287896,36.698176,-77.537056
209378,35.583922,-78.14734
286146,36.431772,-77.680694
309307,35.971987,-77.88368
279977,35.758405,-78.033429
209379,35.714182,-77.882987
228423,35.582055,-78.142188
203227,36.438013,-77.617428
234675,36.006945,-77.604286
316548,35.87254,-77.557199
297742,36.725889,-77.24519
309308,35.554462,-78.316864
198718,35.704701,-77.907361
222391,36.444135,-77.106476
197190,35.512663,-78.43002
220426,36.44284,-77.673495
290268,35.533256,-78.279758
209380,36.270718,-76.968143
200291,36.008028,-76.955983
200292,36.541326,-76.72311
301413,36.489348,-77.44095
226262,36.408547,-77.435582
222392,35.521268,-78.358328
209381,35.84107,-77.079441
198719,35.722371,-77.952092
278151,35.742208,-76.991229
230630,35.410406,-78.501761
215822,35.918028,-76.252345
197191,35.698427,-77.88916
305637,35.969334,-78.019661
205155,35.972878,-77.745529
305638,35.876651,-76.713418
297743,35.582941,-78.358898
224345,35.717333,-77.948052
200293,35.91926,-77.831355
293901,35.951294,-77.793886
273288,36.118541,-77.948185
222393,35.682945,-77.951296
295860,36.477005,-77.582643
214313,35.693147,-77.938193
278152,35.514102,-78.49369
211048,35.722371,-77.952092
292063,36.436754,-77.625868
273289,36.741463,-77.503804
212789,35.894096,-77.680092
217582,35.761944,-78.007776
224346,35.83111,-78.283861
292064,35.536262,-78.283154
278153,35.320277,-78.280141
230631,35.726489,-77.912139
215823,35.512663,-78.43002
287897,36.546635,-77.810061
295861,35.97044,-77.798721
282213,35.678847,-78.301232
310996,35.506084,-78.429836
230632,36.451278,-77.659633
217583,36.502657,-77.642523
212790,35.821047,-78.314917
200294,35.509343,-78.338962
234676,35.927239,-76.351712
312852,35.583922,-78.14734
232642,35.368671,-78.433849
279978,36.006945,-77.604286
214314,35.764253,-77.948034
212791,35.482869,-78.249602
214315,35.731706,-77.891981
232643,36.178976,-76.656107
228424,36.27063,-76.969056
234677,35.738403,-77.967644
301499,35.958278,-76.482019
209382,35.785979,-77.639069
303423,35.658541,-77.931052
197192,36.326489,-77.021227
278154,36.14265,-77.212903
278155,36.469252,-77.600331
217584,36.060505,-76.600616
200295,36.405936,-76.580664
316549,35.905295,-76.029532
312853,36.431147,-77.63174
297744,36.123742,-77.417339
212792,35.980405,-76.955943
209383,35.531558,-78.275653
282214,35.977677,-77.870691
214316,36.380216,-77.815298
292065,35.584152,-78.139218
217585,35.975542,-77.839557
287898,35.559247,-78.293898
316550,35.520657,-78.272831
232644,36.440009,-77.642974
312854,35.978298,-77.719214
232645,36.400744,-76.954734
316551,35.978382,-76.9487
224347,35.841766,-78.234009
230633,36.364052,-76.898168
220427,35.968243,-78.006692
212793,36.128324,-77.419247
290269,36.126683,-76.960796
209384,36.684969,-77.543277
295862,36.229138,-76.94015
200296,35.721912,-77.920534
224348,35.703591,-77.926859
234678,36.403902,-77.643797
314704,35.96209,-78.10717
230634,35.694504,-77.944762
303424,36.09238,-77.728078
220428,35.455082,-78.388872
316552,35.685116,-77.887036
197193,35.760991,-78.008431
284102,36.474417,-77.671882
290270,35.831219,-77.095872
279979,36.364931,-76.896582
220429,36.435189,-77.911752
307551,35.861975,-76.746074
282215,36.102024,-76.345399
214317,35.9853,-77.790261
228425,35.699755,-77.902861
282216,36.061343,-78.104938
286147,36.390252,-76.739495
299717,35.984314,-77.855787
279980,35.832929,-78.303044
198720,35.947248,-77.829005
226263,36.438013,-77.617428
309309,35.880281,-77.526699
284103,35.731838,-77.952049
203228,36.358474,-77.79168
282217,36.32153,-77.586721
303425,35.951259,-78.107348
211049,35.701494,-77.890164
205156,36.435266,-77.910523
230635,35.933218,-77.800885
312855,35.755759,-77.976477
309310,36.14265,-77.212903
220430,35.927745,-77.774641
312856,36.396993,-76.946894
286148,35.728514,-78.012417
273532,35.959452,-77.948602
234679,35.49145,-78.358665
309311,35.98541,-77.783909
215824,36.138371,-77.842388
230636,36.118541,-77.948185
293902,35.864951,-78.099588
299718,36.498598,-77.633092
209385,35.976288,-77.799396
282218,36.217111,-77.629816
212794,35.905713,-77.55845
205157,35.549069,-78.300549
310997,36.099219,-76.628383
278156,36.003417,-77.774533
305639,35.977642,-77.788283
292066,35.997977,-76.947828
310998,36.126839,-77.196379
292067,35.756749,-77.957302
215825,35.822206,-76.514294
282219,35.751728,-77.931185
293903,35.326646,-78.264179
205158,36.703117,-77.535235
299719,35.722371,-77.952092
299720,36.741463,-77.503804
297745,36.471274,-77.681067
205159,35.973545,-77.819541
200297,35.658541,-77.931052
200298,35.728857,-77.900117
310999,36.305975,-77.027617
214318,36.108716,-76.895473
222394,36.438013,-77.617428
311000,36.685076,-77.166359
226264,36.060313,-76.460588
293904,36.091958,-76.560444
197194,35.539403,-78.297035
217586,35.538835,-78.376869
301414,35.910821,-77.543294
284104,35.918186,-76.248292
292068,35.820866,-78.323575
297746,35.922719,-77.577868
197195,35.971735,-77.806521
297747,36.082412,-76.591033
222395,36.438013,-77.617428
203229,36.433556,-77.914255
217587,36.286514,-76.568028
309312,36.142166,-76.678917
198721,36.477522,-77.6461
200299,35.976787,-77.896591
307552,36.413124,-77.105424
299721,35.779245,-77.914703
215826,35.943099,-78.114126
282220,35.506084,-78.429836
215827,36.438013,-77.617428
198722,35.728514,-78.012417
212795,35.794244,-77.636451
316553,35.712566,-77.952425
293905,35.702327,-77.919621
279981,36.437928,-76.722502
282221,35.767008,-77.945814
292069,35.970144,-78.018524
224349,36.477522,-77.6461
215828,35.721817,-77.934303
316554,35.974592,-77.965539
295863,35.790157,-77.92576
307553,36.305544,-76.767481
228426,35.696846,-77.903286
299722,35.904769,-78.307791
286149,36.211091,-77.847419
297748,35.971695,-77.844132
205160,35.969431,-77.951202
299723,35.7216,-77.891086
228427,35.964816,-76.286897
295864,35.847702,-77.907362
279982,35.816672,-77.066519
232646,36.091958,-76.560444
205161,35.997269,-76.717391
312857,36.492727,-77.824857
279983,35.989953,-77.580454
292070,35.691529,-77.888707
222396,35.701038,-77.93195
312858,35.798967,-77.267286
293906,35.898596,-77.946851
222397,35.971735,-77.806521
279984,35.958595,-77.822149
293907,35.819114,-77.108694
309313,35.888659,-77.56263
226265,35.726489,-77.912139
222398,36.477522,-77.6461
316555,36.428423,-77.223103
286150,35.794901,-78.136101
278157,35.595771,-78.125383
284105,36.111689,-77.181808
279985,35.628086,-78.062562
312859,35.447177,-78.421474
293908,35.536397,-78.42427
292071,36.086696,-76.629852
209386,35.80287,-77.639859
305640,35.828866,-78.297246
214319,36.065481,-76.593641
214320,35.699933,-77.922194
215829,36.439289,-77.621745
278158,35.940079,-77.771012
228428,35.994273,-77.727308
286151,35.701419,-77.929149
198723,35.682529,-77.912043
198724,35.971495,-77.985102
197196,36.254295,-76.377582
305641,35.956194,-77.84062
198725,35.733677,-77.890687
307554,36.228169,-77.501256
220431,36.324584,-76.499957
292072,36.167615,-76.804896
215949,35.660305,-77.873918
293909,36.386568,-76.920594
212796,36.017228,-76.895559
205162,35.781019,-78.186459
279986,36.118541,-77.948185
284106,35.681275,-77.951339
316556,35.958107,-76.228638
303426,36.40008,-77.655765
311001,35.941916,-77.797385
232647,35.863077,-78.239116
232648,35.489391,-78.360103
282222,36.002685,-76.719565
228429,36.529995,-77.894066
284107,35.960602,-77.880366
232649,35.719624,-77.951262
215830,35.867401,-77.829198
311002,36.492023,-77.943243
228430,35.428625,-78.416221
228431,35.739234,-77.89022
211050,35.721952,-77.910255
314705,35.502099,-78.344334
209387,35.700516,-77.923394
295865,35.957012,-77.822222
197197,36.025745,-78.033786
278159,35.890184,-76.226796
316557,36.032303,-76.775251
278160,35.444429,-78.105939
198726,36.440037,-77.642958
232650,35.832526,-78.325965
222399,35.845102,-77.909695
205163,35.779849,-77.947534
230637,36.534684,-77.799054
273533,35.487739,-78.224512
228432,35.548127,-78.299109
273290,36.44782,-77.663196
203230,35.919778,-77.683086
292073,35.783524,-78.176868
212797,35.681275,-77.951339
293910,35.771401,-77.941425
287899,36.719424,-77.646418
209388,35.780463,-77.139686
209389,35.754885,-77.926497
215831,35.8292,-78.089855
215832,36.698613,-77.5433
205164,35.793735,-77.950409
197198,35.759493,-78.221398
282223,35.9513,-77.802251
316558,35.52286,-78.304605
295866,35.87254,-77.557199
282224,35.932284,-76.249394
273291,36.534002,-77.903144
278161,35.780726,-78.119815
297749,35.909577,-77.560034
211051,35.972855,-77.846014
279987,35.428625,-78.416221
232651,35.736608,-77.67208
314706,35.470718,-78.412522
311003,36.4223,-77.671789
311004,36.525897,-76.749401
217588,35.596135,-78.124613
203231,36.075595,-76.619887
214321,36.245356,-76.424745
314707,35.710129,-77.929429
228433,35.790152,-78.203891
273534,35.705261,-78.122422
197199,35.883402,-77.99557
215833,35.752619,-77.999618
287900,35.726489,-77.912139
197200,35.910821,-77.543294
198727,36.136429,-77.420892
197201,35.526904,-78.270578
198728,35.970294,-77.939195
200300,36.200003,-76.710102
200301,35.980125,-77.808523
203232,36.286334,-76.986752
203233,35.691798,-78.214235
212798,35.716833,-77.95384
215834,35.848666,-76.772059
217589,35.512452,-78.245029
217590,35.691798,-78.214235
224350,36.450334,-77.663817
273292,36.200003,-76.710102
273535,36.286334,-76.986752
286152,36.279909,-77.28005
286153,36.286876,-76.986624
286154,35.741851,-77.96175
293911,35.880213,-76.664827
292074,35.870059,-77.828529
295867,35.848666,-76.772059
299724,35.525774,-78.362492
299725,36.200003,-76.710102
301415,36.450334,-77.663817
305642,36.286334,-76.986752
305643,36.286334,-76.986752
307555,35.971987,-77.88368
311005,35.971987,-77.88368
312860,35.957532,-77.978703
316559,35.517507,-78.320056
234680,35.971444,-77.807891
301416,35.907278,-77.828435
224351,35.939312,-77.800182
232652,36.148476,-76.486466
224352,35.980892,-77.84188
226266,36.270718,-76.968143
311006,35.486244,-78.257324
282225,36.286876,-76.986624
232653,35.510094,-78.347121
293912,35.549619,-78.221657
312861,35.988072,-76.949429
209390,35.584957,-78.366724
217591,35.735866,-77.949327
316560,35.897967,-77.53502
316561,35.733677,-77.890687
232654,35.772083,-77.829051
222400,35.517137,-78.298517
282226,35.739193,-77.875863
311007,36.015604,-77.771192
311008,35.591769,-78.132038
279988,36.215298,-76.462911
287901,35.75027,-77.91475
197202,35.733677,-77.890687
197203,36.441456,-77.231375
292075,36.438013,-77.617428
273293,35.512663,-78.43002
212799,36.012751,-78.042235
226267,35.531558,-78.275653
314708,35.942646,-77.829606
287902,35.894096,-77.680092
222401,36.44598,-77.708438
197204,35.921245,-78.260387
203234,36.766838,-77.711385
295868,35.880127,-77.740295
287903,36.418291,-77.662055
217592,36.017689,-77.872048
197205,35.908576,-77.52939
303427,35.512663,-78.43002
297750,35.921245,-78.260387
293913,35.840929,-77.08027
209391,35.87254,-77.557199
301500,35.727638,-77.904597
203235,35.783524,-78.176868
234681,35.751056,-77.969415
209392,36.143599,-77.21443
212800,35.773417,-77.939313
278162,36.357266,-77.655673
307556,35.712566,-77.952425
290271,36.058993,-76.608796
305644,35.840622,-78.109402
286155,36.129289,-77.419199
301417,36.229245,-77.108196
284108,35.853064,-78.086567
215835,35.977677,-77.870691
203236,36.880356,-77.262332
311009,35.51527,-78.326541
197206,35.368139,-78.377322
230638,35.998344,-77.776521
273294,35.783524,-78.176868
292076,35.819114,-77.108694
232655,36.279909,-77.28005
234682,35.9513,-77.802251
299726,35.728857,-77.900117
211052,35.980012,-77.852719
297751,36.547902,-77.668998
200302,35.975542,-77.839557
228434,36.102024,-76.345399
212801,35.9785,-77.808565
197207,35.933193,-78.131668
299727,36.441316,-76.612523
286156,35.760022,-77.145805
278163,36.111774,-77.435197
205165,36.17067,-76.446453
214322,35.94595,-78.248168
220432,35.792683,-77.93786
200303,35.806543,-77.863319
222402,35.975542,-77.839557
290272,35.981765,-77.840106
226268,35.733677,-77.890687
197208,35.820609,-77.254585
226269,35.998386,-77.769858
282227,35.995446,-77.778043
200304,35.943099,-78.114126
297752,35.945103,-77.853249
305645,35.975542,-77.839557
286157,35.792456,-78.212482
299728,35.781019,-78.186459
287904,35.517587,-78.362578
284109,35.980012,-77.852719
287905,35.783524,-78.176868
284110,35.975542,-77.839557
284111,35.841038,-77.056365
215836,35.754655,-77.916488
290273,35.551578,-78.305473
215837,35.583247,-78.356868
228435,36.305222,-76.768684
278164,35.938366,-77.795843
200305,35.500514,-78.349979
273295,35.773417,-77.939313
316562,35.88199,-76.414433
290274,35.866984,-76.730788
312862,36.210954,-76.438382
292077,35.964816,-76.286897
234683,35.728847,-77.952121
287906,35.700787,-77.93396
205166,36.209602,-76.440843
198729,35.794244,-77.636451
230639,35.871399,-78.005748
197209,35.896516,-77.535136
282228,35.917108,-77.831893
197210,35.769874,-77.679931
228436,36.280817,-76.99905
299729,35.814614,-78.331463
222403,35.536209,-78.283063
284112,35.830906,-77.222007
220433,36.099219,-76.628383
217593,35.968422,-78.260335
222404,36.442431,-77.106424
297753,35.938348,-77.795499
197211,36.437604,-77.134475
232656,35.772957,-77.939666
273296,35.820065,-78.324127
228437,35.728733,-77.931448
279989,36.430148,-77.628115
220504,36.102024,-76.345399
293914,35.770247,-77.938395
307557,36.339864,-76.674155
197212,35.722371,-77.952092
197213,35.584152,-78.139218
212802,36.339144,-76.628837
211053,35.63969,-76.804993
279990,35.759764,-77.958016
198730,35.669143,-77.94167
286158,35.975542,-77.839557
200306,35.850112,-77.842225
286159,35.472426,-78.382269
295869,36.685076,-77.166359
224353,35.733677,-77.890687
203237,36.18174,-77.664203
200307,36.351099,-76.822699
287907,35.848666,-76.772059
301418,35.98375,-77.787634
197214,35.934876,-77.831862
305646,35.760821,-78.119795
197215,36.499737,-77.423292
287908,35.753837,-77.917496
212803,35.658541,-77.931052
307558,35.775209,-77.990444
224354,35.8453,-77.051313
215838,35.689367,-77.913108
211054,35.70138,-77.925303
230640,36.45664,-77.8712
197216,36.324756,-77.64979
211055,35.582055,-78.142188
287909,35.657463,-77.796345
279991,35.693197,-77.936186
307559,36.34941,-76.998167
217594,36.576127,-77.190796
287910,35.973638,-77.804298
273536,36.459049,-77.654268
282229,35.428625,-78.416221
286160,35.773417,-77.939313
214323,36.576127,-77.190796
214324,35.726489,-77.912139
292078,36.099911,-78.136703
203238,36.033739,-76.526897
209393,35.582055,-78.142188
287911,35.80287,-77.639859
293915,36.095124,-77.962911
211056,36.074079,-76.601605
205167,35.968471,-77.78677
217595,35.962577,-77.866962
299730,35.964785,-77.837985
220434,36.274172,-77.484263
200308,35.97795,-77.875552
200309,36.52055,-77.200771
228438,35.72496,-77.842238
287912,36.034283,-77.761344
234684,35.806479,-78.046235
197217,35.704695,-77.914093
282230,36.431773,-77.632968
301419,35.816137,-77.451145
297754,35.517862,-78.288859
234685,36.330153,-77.592167
228439,36.330153,-77.592167
212804,35.970294,-77.939195
309327,35.714871,-77.924338
311010,36.766838,-77.711385
215839,35.761788,-78.007697
314709,36.217111,-77.629816
282231,35.762828,-77.99907
307560,35.680777,-78.094604
279992,35.905652,-77.812361
278165,35.700011,-77.893714
273297,35.848666,-76.772059
205168,35.97044,-77.798721
279993,36.439289,-77.621745
234686,36.436581,-77.906324
232657,36.439153,-77.095475
292079,36.216243,-76.44887
287913,36.436781,-77.63129
303428,35.909603,-77.565969
212805,35.680777,-78.094604
282232,36.056039,-77.822386
230641,35.939846,-77.795218
286161,35.895755,-77.555763
278166,35.974141,-77.789659
292080,36.075595,-76.619887
212806,36.279909,-77.28005
299731,35.928563,-77.719881
197218,36.400744,-76.954734
295870,36.527686,-77.780353
284113,35.52439,-78.30057
228440,36.423707,-77.644089
311011,36.40801,-77.437177
224355,36.003924,-77.776458
224356,35.69021,-77.914178
226270,36.471707,-77.199896
303429,36.435266,-77.910523
295871,36.448818,-76.604067
222405,36.327829,-77.218457
287914,36.116066,-78.123783
215840,36.529995,-77.894066
230642,35.50131,-78.313691
222406,36.217111,-77.629816
297755,36.086696,-76.629852
287915,36.265236,-76.769962
197219,36.435266,-77.910523
226271,36.036207,-77.86584
314710,36.829148,-77.524366
286162,35.526752,-78.295993
217596,36.44284,-77.673495
287916,35.533645,-78.279451
230643,35.741851,-77.96175
279994,35.946812,-77.794455
273298,35.980404,-77.788556
232658,36.007832,-76.955902
214325,36.092403,-76.395925
230644,35.532054,-78.472353
203239,35.999194,-76.691284
211057,35.914144,-77.543416
299732,35.806733,-77.3709
293916,36.520248,-77.99022
297756,35.839358,-78.324293
279995,35.520283,-78.293411
211058,35.720369,-77.952259
197220,36.52055,-77.200771
273299,35.980404,-77.788556
290275,36.699836,-77.540909
311012,35.976288,-77.799396
286163,36.324584,-76.499957
290276,36.479461,-77.648485
312863,35.741851,-77.96175
314711,35.831351,-78.274524
222407,35.736634,-77.976052
226272,36.566811,-77.895539
282233,36.102024,-76.345399
311013,35.839338,-77.914733
197221,35.720941,-77.911774
312864,36.494116,-77.953329
311014,36.269579,-77.003314
314712,35.510547,-78.346486
200310,35.658541,-77.931052
200311,35.939554,-77.74929
278167,35.715055,-77.947337
215841,36.438013,-77.617428
198731,35.953411,-77.803315
228441,36.224996,-76.656487
316563,35.845698,-77.051243
215842,36.719424,-77.646418
273300,35.729917,-77.952124
234687,36.099911,-78.136703
198732,35.554456,-78.298081
203240,35.831903,-78.333486
303430,36.449971,-77.660188
197222,36.06163,-76.617186
226273,36.148777,-77.40502
222408,35.70138,-77.925303
305647,35.736048,-77.883612
305648,35.761944,-78.007776
203241,36.489348,-77.44095
220435,35.918454,-77.826111
301420,36.435993,-77.908575
316564,35.478088,-78.375199
200312,35.734544,-77.013087
307561,36.534422,-77.937849
279996,35.733603,-77.884759
299733,35.720941,-77.911774
297757,35.584152,-78.139218
279997,36.424314,-77.633925
220436,36.034283,-77.761344
200313,35.688335,-77.91103
279998,36.439289,-77.621745
198733,35.826947,-78.305051
316565,35.7877,-77.881589
287917,35.828175,-78.299647
230645,35.851441,-77.461911
197223,36.128907,-77.427824
215843,36.127212,-78.110377
286164,35.566412,-78.340776
197224,35.520214,-78.35893
286165,35.958075,-76.485223
203242,36.217111,-77.629816
303431,36.327829,-77.218457
303432,35.705387,-78.030281
212807,35.509343,-78.338962
314713,35.512663,-78.43002
314714,36.350997,-76.822727
290277,36.358474,-77.79168
311015,35.773417,-77.939313
232659,36.469252,-77.600331
197225,35.525951,-78.390186
226274,35.717847,-77.934121
215844,35.757618,-77.95781
222409,36.275892,-77.287766
222410,35.914197,-77.543568
292081,36.498598,-77.633092
311016,35.975542,-77.839557
273301,35.581091,-78.329607
292082,36.011917,-77.772103
273302,36.436754,-77.625868
226275,35.723249,-77.939749
273537,35.972403,-77.805684
299734,36.390252,-76.739495
230646,36.069278,-76.599235
226276,35.8851,-76.2285
293917,36.461157,-77.65353
203243,36.099219,-76.628383
305649,35.698427,-77.88916
273303,36.081675,-76.581583
198734,35.735436,-78.21966
297758,35.9602,-77.8809
234688,35.76413,-77.965001
214326,35.720566,-77.935212
215950,36.148535,-76.67566
316566,36.324584,-76.499957
203244,35.970294,-77.939195
198735,36.082586,-76.59148
287918,35.478088,-78.375199
303433,35.945051,-77.797433
293918,36.111689,-77.181808
205169,35.720369,-77.952259
217597,35.731292,-77.892638
278168,35.880556,-76.411529
282234,36.118541,-77.948185
198736,36.699836,-77.540909
286166,35.968243,-78.006692
316567,35.443792,-78.420608
299735,35.7877,-77.881589
217598,35.878414,-77.910895
293919,35.701955,-77.89558
212808,35.932099,-77.801471
312865,36.09238,-77.728078
217599,35.70138,-77.925303
284114,35.984314,-77.855787
198737,35.723576,-77.918535
198738,35.703591,-77.926859
297759,35.719659,-77.951649
197226,35.840384,-77.083625
290278,35.970355,-77.873218
314715,35.824315,-78.314726
287919,35.574902,-78.192528
297760,36.448004,-77.656567
286167,35.512835,-78.33492
209394,35.509666,-78.338896
292083,36.299208,-77.454822
303434,36.554094,-77.083827
273538,35.879231,-77.889947
230647,35.909726,-77.542477
215845,36.33762,-77.596738
286168,35.505873,-78.32033
198739,35.968471,-77.78677
212809,35.724515,-77.917134
200314,35.691612,-77.939521
309314,35.800933,-78.234325
200315,35.683699,-77.950623
290279,36.13867,-77.425746
279999,35.725198,-77.895756
278169,36.434826,-77.647742
284115,36.533696,-77.549044
282235,35.552187,-78.306398
287920,35.735689,-77.885949
316568,35.958595,-77.822149
205170,35.717277,-77.943949
303435,35.942852,-78.249365
209395,36.423707,-77.644089
230648,36.338155,-77.062031
224357,36.023362,-77.538831
290280,36.523415,-77.185458
297761,36.056933,-76.61084
295872,35.853178,-76.774464
212810,35.925916,-77.817791
314716,35.506084,-78.429836
228442,36.468944,-77.661358
230649,36.102024,-76.345399
107649,35.971667,-77.882575
217600,35.714784,-77.932838
230650,35.717698,-77.915727
230651,35.789875,-78.204436
228443,35.738767,-77.96328
303436,35.7836,-77.856365
284116,35.815906,-77.029508
230652,36.055814,-77.818402
284117,35.911142,-77.551995
234689,36.479249,-77.647835
232660,35.971951,-77.844528
234690,35.876883,-78.316946
314717,35.695844,-77.923211
299736,35.894096,-77.680092
307562,35.767008,-77.945814
299737,35.515886,-78.30062
205171,35.955918,-78.173156
232661,36.451131,-77.574834
197227,35.856411,-77.052715
226277,36.40008,-77.655765
197228,36.018814,-77.778317
307563,35.959274,-77.881999
226278,36.073493,-76.612286
278170,35.965734,-77.849753
282236,35.63969,-76.804993
214327,35.954039,-77.823757
312866,36.495874,-76.679567
309315,35.509343,-78.338962
197229,36.322052,-77.593105
312867,36.107738,-76.44624
205172,35.69817,-77.947827
295873,36.136067,-76.804049
205173,36.421148,-77.050563
209396,35.701296,-77.889867
209397,36.743059,-77.505594
295874,36.479461,-77.648485
307564,35.444625,-78.427741
295875,35.847297,-77.058499
228444,35.658541,-77.931052
292084,35.732727,-77.898664
299738,36.407717,-77.777674
305650,35.822048,-78.346215
273304,36.450707,-77.652538
205174,35.761046,-77.957227
295876,35.972878,-77.745529
273305,35.754655,-77.916488
299739,36.413124,-77.105424
301421,35.911142,-77.551995
224358,36.433464,-77.402305
222411,35.91926,-77.831355
209398,36.394184,-76.947951
288154,36.56917,-77.248539
215846,35.715981,-77.952326
203245,35.866889,-76.749021
230653,35.955889,-78.24993
209399,36.439289,-77.621745
307565,35.760356,-77.985481
200316,35.721817,-77.934303
222412,35.491215,-78.360772
282237,35.93268,-77.745834
314718,35.831709,-77.182161
282238,35.444429,-78.105939
316569,35.8863,-77.5876
312868,35.898083,-77.558697
297762,36.253326,-77.576556
230654,35.971667,-77.882575
282239,36.296561,-76.991061
215951,35.968422,-78.260335
305651,36.463244,-77.688672
211059,36.197008,-76.711568
197230,35.746141,-78.243725
314719,35.942852,-78.249365
234691,35.968517,-78.000505
280000,35.44726,-78.276939
217601,35.512663,-78.43002
311017,35.705113,-77.920823
232662,35.709064,-78.056959
309316,36.457736,-77.671957
295877,35.555713,-78.297638
205175,35.658541,-77.931052
215847,35.513084,-78.326707
215848,35.971051,-77.941876
228445,36.436581,-77.906324
220437,35.951259,-78.107348
200317,35.971667,-77.882575
232663,35.875162,-77.582386
303437,35.865638,-76.754823
234692,36.286334,-76.986752
301422,36.283928,-76.985975
311018,35.980449,-77.808716
209400,36.442951,-77.651778
197231,35.693137,-77.920748
228446,35.507506,-78.32219
212811,36.201271,-76.451408
307566,36.028842,-76.59472
215849,35.712789,-77.952425
200318,36.524758,-77.920991
205176,35.759446,-77.952855
220438,36.276721,-76.977165
314720,36.368696,-76.700748
200319,36.460681,-77.674769
209401,35.732727,-77.898664
299740,35.997804,-76.94588
273539,35.914144,-77.543416
215850,35.944718,-78.111938
205177,35.658541,-77.931052
197232,35.928166,-77.738572
220439,35.519355,-78.313447
198740,35.813278,-76.841437
273306,35.895811,-77.950199
220505,35.601683,-78.077371
273307,36.390252,-76.739495
198741,36.70368,-77.552376
305652,35.968422,-78.260335
203246,35.97025,-77.946904
301423,35.785832,-78.182493
282240,36.010977,-76.546254
215851,35.917108,-77.831893
297763,35.958595,-77.822149
198742,35.928563,-77.719881
299741,35.508913,-78.321663
293920,36.072773,-76.60332
286169,36.323349,-77.23262
234693,35.816412,-77.451367
220506,35.766841,-78.084898
314721,36.477522,-77.6461
212812,35.823876,-78.315436
226279,35.80287,-77.639859
286170,36.034283,-77.761344
311019,35.832731,-78.314994
217602,35.764577,-77.930384
197233,35.826733,-78.306048
273308,35.76505,-77.961404
311020,35.522198,-78.209017
307567,35.83111,-78.283861
203247,36.00843,-77.775975
305653,35.974592,-77.965539
311021,36.052689,-77.975335
309317,35.851141,-77.840743
217603,35.822206,-76.514294
232664,35.699064,-77.892956
295878,35.778486,-76.857088
286171,36.438851,-77.154501
203248,35.669667,-78.31137
205178,35.768391,-77.127894
286172,35.975542,-77.839557
305654,35.749108,-77.910969
212813,36.390252,-76.739495
284118,35.94382,-77.849415
292085,35.996091,-77.929643
234694,36.053181,-78.169017
198743,35.719071,-77.946548
299742,35.916823,-77.53308
200320,35.726238,-77.909434
287921,36.438013,-77.617428
305655,35.849562,-77.04894
200321,36.695824,-77.538023
203249,35.816412,-77.451367
215852,36.493911,-77.485152
205179,35.995816,-77.92652
273540,35.874587,-78.188039
215853,35.971667,-77.882575
209402,35.798831,-77.863226
205180,35.51527,-78.326541
214328,35.710753,-77.940665
205181,36.331452,-77.212603
211060,36.469295,-77.64992
309318,35.50298,-78.344254
311022,36.102024,-76.345399
203250,35.978308,-77.975424
217604,35.853267,-77.83787
212814,35.976347,-77.745617
220440,36.526855,-77.774093
200322,35.597177,-77.973718
212815,35.778132,-78.104336
214329,35.997269,-76.717391
198744,35.733042,-77.912077
282241,35.840929,-77.08027
301501,35.489918,-78.437697
215952,35.8851,-76.2285
230655,35.900845,-77.550569
197234,35.63969,-76.804993
203251,35.951121,-77.793431
297764,35.966864,-77.918832
316570,35.917661,-76.252154
280001,35.722371,-77.952092
226280,35.731706,-77.891981
217605,35.698411,-77.947812
234695,35.717238,-77.948518
287922,35.727932,-78.231595
197235,36.102024,-76.345399
224359,35.728859,-77.903592
211061,35.715055,-77.947337
209403,35.738767,-77.96328
292086,35.721912,-77.920534
214330,35.567958,-78.369981
301424,35.932099,-77.801471
301502,35.454501,-78.431165
307568,36.071664,-76.602751
205182,35.738767,-77.96328
303438,35.508316,-78.338192
211062,36.35097,-76.822632
316571,35.7045,-77.906226
307569,35.839338,-77.914733
214331,35.723576,-77.918535
232665,36.060986,-77.815606
200323,35.763042,-77.962736
309319,35.705577,-77.922538
197236,35.700011,-77.893714
311023,35.514102,-78.49369
203252,35.828787,-78.306921
309320,35.785325,-78.181381
217606,36.452562,-77.652586
288155,36.155319,-76.678795
290281,35.914144,-77.543416
305656,36.275892,-77.287766
217607,36.058664,-76.608899
217608,35.976018,-77.853773
299743,35.975542,-77.839557
217609,35.778106,-78.117685
200324,35.719722,-77.91053
314722,35.72459,-77.912069
224360,35.45517,-78.389572
307570,36.615281,-77.342787
214332,36.218775,-77.630912
290282,36.479249,-77.647835
217610,36.413122,-77.105423
222413,36.18831,-76.477993
226281,36.703117,-77.535235
209404,36.30115,-77.452705
203253,35.922213,-77.811867
282242,36.469252,-77.600331
209405,36.498598,-77.633092
301425,36.511932,-77.618676
203254,36.257984,-76.767395
290283,35.717277,-77.943949
234696,35.703591,-77.926859
220441,36.797769,-77.483194
224361,36.44028,-77.649532
299744,35.75027,-77.91475
197237,35.703591,-77.926859
197238,35.99618,-77.891734
305657,35.841408,-77.068384
316572,35.915398,-77.582005
212816,36.533284,-77.901934
215953,35.506084,-78.429836
290284,35.750743,-77.953332
200325,35.937115,-77.79337
224362,35.546621,-78.390915
297765,35.975542,-77.839557
312869,35.709064,-78.056959
295879,36.278142,-76.981857
312870,35.822206,-76.514294
215854,36.469252,-77.600331
297766,36.436754,-77.625868
212817,35.853064,-78.086567
198745,35.701038,-77.93195
286173,36.268445,-77.293524
282243,36.439289,-77.621745
282244,36.52055,-77.200771
312871,35.958278,-76.482019
312872,36.278687,-77.226261
212818,35.867425,-76.750501
197239,35.738767,-77.96328
234697,35.553956,-78.384252
297767,35.977968,-76.908203
280002,36.216243,-76.44887
309321,35.903839,-78.188523
273541,36.062034,-77.981336
212819,35.978159,-76.947874
214333,35.455398,-78.488768
290285,35.939526,-77.79838
214334,36.438013,-77.617428
287923,36.351099,-76.822699
316573,36.283872,-76.982447
297768,35.63969,-76.804993
286174,35.980655,-77.78315
273309,35.971667,-77.882575
234698,36.357266,-77.655673
230656,36.477522,-77.6461
209406,35.506084,-78.429836
305658,35.845102,-77.909695
297769,35.976679,-77.970633
220442,35.925421,-77.561415
290286,35.824364,-76.514028
278171,35.866693,-76.752309
312873,35.824044,-78.283374
303439,35.86729,-76.659119
314723,35.815755,-78.268596
217611,35.54113,-78.275829
200326,36.000237,-77.56395
203255,35.741735,-77.996382
312874,36.50042,-77.644428
209407,35.536541,-78.284443
311024,35.81351,-78.249015
214335,35.501781,-78.335639
305659,35.884216,-77.548803
215855,35.828787,-78.306921
297770,36.003022,-77.782838
307571,36.209592,-76.440863
278172,36.440344,-77.099778
222414,35.728514,-78.012417
280003,36.515147,-77.189693
197240,36.696827,-77.524243
205183,36.534002,-77.903144
203256,35.974445,-77.78478
299745,35.909806,-77.559867
316574,36.074332,-76.598717
230657,36.694571,-77.540532
220443,35.48412,-78.36365
234699,35.764644,-77.948233
217612,36.427982,-77.71894
215954,36.197707,-76.302462
299746,35.519733,-78.311921
203257,36.065481,-76.593641
205184,35.546621,-78.390915
307572,36.129594,-76.663163
292087,35.751728,-77.931185
312875,36.361055,-77.733457
234700,35.848703,-77.057276
209408,35.821602,-77.249288
197241,36.735333,-77.510598
301503,35.703829,-77.898127
299747,35.741851,-77.96175
198746,35.861975,-77.065605
214336,35.738767,-77.96328
287924,35.75027,-77.91475
292088,35.760773,-77.91429
228447,35.531781,-78.364667
224363,35.444429,-78.105939
303440,36.682586,-77.49272
222415,35.506084,-78.429836
316575,35.768827,-78.019621
198747,35.444429,-78.105939
220444,35.974141,-77.789659
211063,35.506084,-78.429836
220445,35.658865,-77.925152
211064,35.743944,-78.245198
309322,36.589317,-77.661015
297771,36.324756,-77.64979
295880,35.860514,-78.328201
312876,36.438372,-77.635031
205185,36.080467,-76.588256
211065,36.283462,-76.532265
303441,36.488685,-77.816435
286175,35.5129,-78.2454
230658,36.449352,-77.56365
312877,36.537301,-77.433198
316576,35.476611,-78.377624
232666,36.414979,-77.646909
286176,36.397675,-76.935593
205186,35.702327,-77.919621
273310,35.728149,-77.890594
224364,35.957508,-78.250187
209409,35.839387,-77.095957
209410,35.974141,-77.789659
303442,35.841408,-77.068384
309323,35.851441,-77.461911
273311,35.952552,-77.789635
307573,35.444429,-78.105939
307574,36.009443,-77.911947
286177,36.387888,-77.636788
286178,36.242442,-76.937849
215856,36.474417,-77.671882
230659,35.853202,-77.056188
230660,35.514814,-78.335822
273312,35.909532,-77.548716
273313,36.11312,-76.946459
307575,36.215605,-77.000882
293921,35.918748,-77.826117
293922,36.440982,-76.611613
290287,36.010977,-76.546254
211066,35.700787,-77.93396
198748,35.851264,-77.057215
211067,35.848666,-76.772059
287925,35.980262,-77.808543
295881,35.524653,-78.319887
282245,36.436754,-77.625868
234701,35.728847,-77.952121
278173,35.528855,-78.296298
280004,35.725198,-77.895756
303443,35.730127,-77.921506
301426,35.502099,-78.344334
312878,36.269856,-76.948282
290288,35.871399,-78.005748
297772,35.851264,-77.057215
215857,35.733677,-77.890687
273314,36.18174,-77.664203
203258,36.055814,-77.818402
211068,35.909603,-77.565969
303444,35.946605,-77.848359
197242,35.726489,-77.912139
280005,35.971667,-77.882575
200327,35.914334,-77.86886
220446,35.960102,-77.849772
299748,35.728514,-78.012417
295882,36.421148,-77.050563
284119,35.767008,-77.945814
220447,36.758122,-77.421844
212820,36.388878,-77.421183
226282,35.971987,-77.88368
217613,35.754168,-77.931494
214337,36.325698,-77.018895
303445,35.91926,-77.831355
278174,36.111095,-76.877317
309324,35.547363,-78.304788
228448,35.827115,-77.097548
209411,35.831455,-78.30485
